,movie_name,movie,opening,date_time,theaters,tot_gross,actors,directors
0,The Hunger Games: Catching Fire,The Hunger Games: Catching Fire,"$158,074,286",2013-11-22,"4,163","$424,668,047","['Jennifer Lawrence', 'Josh Hutcherson', 'Liam Hemsworth', 'Elizabeth Banks', 'Stanley Tucci', 'Woody Harrelson', 'Philip Seymour Hoffman', 'Jeffrey Wright', 'Jena Malone', 'Lenny Kravitz']",['Francis Lawrence']
1,Iron Man 3,Iron Man 3,"$174,144,585",2013-05-03,"4,253","$409,013,994","['Robert Downey, Jr.', 'Gwyneth Paltrow', 'Don Cheadle', 'Guy Pearce', 'Rebecca Hall', 'Jon Favreau', 'Ben Kingsley', 'Paul Bettany*', 'Mark Ruffalo*']",['Shane Black']
2,Frozen,Frozen,"$243,390",2013-11-22,1,"$400,738,009","['Kristen Bell', 'Josh Gad', 'Alan Tudyk']","['Chris Buck', 'Jennifer Lee']"
3,Despicable Me 2,Despicable Me 2,"$83,517,315",2013-07-03,"3,997","$368,061,265","['Steve Carell', 'Kristen Wiig', 'Benjamin Bratt', 'Russell Brand', 'Steve Coogan']","['Pierre Coffin', 'Chris Renaud']"
4,Man of Steel,Man of Steel,"$116,619,362",2013-06-14,"4,207","$291,045,518","['Henry Cavill', 'Amy Adams', 'Michael Shannon', 'Kevin Costner', 'Diane Lane', 'Laurence Fishburne', 'Russell Crowe']",['Zack Snyder']
5,Gravity,Gravity,"$55,785,112",2013-10-04,"3,575","$274,092,705","['George Clooney', 'Sandra Bullock']",['Alfonso Cuaron']
6,Monsters University,Monsters University,"$82,429,469",2013-06-21,"4,004","$268,492,764","['Billy Crystal', 'John Goodman', 'Helen Mirren', 'Alfred Molina*', 'Charlie Day*', 'Aubrey Plaza*', 'John Krasinski*', 'Bonnie Hunt*']",['Dan Scanlon']
7,The Hobbit: The Desolation of Smaug,The Hobbit: The Desolation of Smaug,"$73,645,197",2013-12-13,"3,903","$258,366,855","['Martin Freeman', 'Ian McKellen', 'Orlando Bloom', 'Evangeline Lilly', 'Benedict Cumberbatch', 'Luke Evans', 'Cate Blanchett*']",['Peter Jackson']
8,Fast & Furious 6,Fast & Furious 6,"$97,375,245",2013-05-24,"3,658","$238,679,850","['Gal Gadot', 'Vin Diesel', 'Paul Walker', 'Dwayne Johnson', 'Michelle Rodriguez', 'Tyrese Gibson', ""Chris 'Ludacris' Bridges"", 'Jordana Brewster', 'Luke Evans']",['Justin Lin']
9,Oz The Great and Powerful,Oz The Great and Powerful,"$79,110,453",2013-03-08,"3,912","$234,911,825","['Tony Cox', 'James Franco', 'Mila Kunis', 'Michelle Williams', 'Rachel Weisz', 'Zach Braff', 'Joey King']",['Sam Raimi']
10,Star Trek Into Darkness,Star Trek Into Darkness,"$70,165,559",2013-05-16,"3,868","$228,778,661","['Leonard Nimoy*', 'Chris Pine', 'Zoe Saldana', 'Karl Urban', 'Simon Pegg', 'Anton Yelchin', 'Benedict Cumberbatch', 'Alice Eve']",['J.J. Abrams']
11,Thor: The Dark World,Thor: The Dark World,"$85,737,841",2013-11-08,"3,841","$206,362,140","['Chris Hemsworth', 'Natalie Portman', 'Tom Hiddleston', 'Anthony Hopkins', 'Idris Elba', 'Stellan Skarsgard', 'Kat Dennings', 'Ray Stevenson', 'Zachary Levi', 'Rene Russo', 'Chris Evans*']",['Alan Taylor']
12,World War Z,World War Z,"$66,411,834",2013-06-21,"3,607","$202,359,711","['Brad Pitt', 'Mireille Enos']",['Marc Forster']
13,The Croods,The Croods,"$43,639,736",2013-03-22,"4,046","$187,168,425","['Nicolas Cage', 'Emma Stone', 'Ryan Reynolds', 'Clark Duke']","['Kirk De Micco', 'Chris Sanders']"
14,The Heat,The Heat,"$39,115,043",2013-06-28,"3,181","$159,582,188","['Sandra Bullock', 'Melissa McCarthy']",['Paul Feig']
15,We're the Millers,We're the Millers,"$26,419,396",2013-08-07,"3,260","$150,394,119","['Jason Sudeikis', 'Jennifer Aniston', 'Ed Helms', 'Emma Roberts']",['Rawson Marshall Thurber']
16,American Hustle,American Hustle,"$740,455",2013-12-13,6,"$150,117,807","['Christian Bale', 'Bradley Cooper', 'Amy Adams', 'Jeremy Renner', 'Jennifer Lawrence', 'Robert DeNiro']",['David O. Russell']
17,The Great Gatsby (2013),The Great Gatsby,"$50,085,185",2013-05-10,"3,535","$144,840,419","['Elizabeth Debicki', 'Leonardo DiCaprio', 'Tobey Maguire', 'Carey Mulligan', 'Isla Fisher']",['Baz Luhrmann']
18,The Conjuring,The Conjuring,"$41,855,326",2013-07-19,"2,903","$137,400,141","['Vera Farmiga', 'Patrick Wilson', 'Ron Livingston', 'Joey King']",['James Wan']
19,Identity Thief,Identity Thief,"$34,551,025",2013-02-08,"3,141","$134,506,920","['Jason Bateman', 'Melissa McCarthy', 'Jon Favreau', 'Amanda Peet', 'Morris Chestnut']",['Seth Gordon']
20,Grown Ups 2,Grown Ups 2,"$41,508,572",2013-07-12,"3,491","$133,668,525","['Adam Sandler', 'Kevin James', 'Chris Rock', 'David Spade', 'Salma Hayek', 'Maria Bello', 'Nick Swardson', 'Taylor Lautner']",['Dennis Dugan']
21,The Wolverine,The Wolverine,"$53,113,752",2013-07-26,"3,924","$132,556,852","['Hugh Jackman', 'Famke Janssen*']",['James Mangold']
22,Anchorman 2: The Legend Continues,Anchorman 2: The Legend Continues,"$26,232,425",2013-12-18,"3,507","$125,168,368","['Will Ferrell', 'Paul Rudd', 'Steve Carell', 'Kristen Wiig', 'Christina Applegate', 'James Marsden', 'Harrison Ford']",['Adam McKay']
23,Lone Survivor,Lone Survivor,"$90,872",2013-12-25,2,"$125,095,601","['Mark Wahlberg', 'Taylor Kitsch', 'Eric Bana', 'Ben Foster']",['Peter Berg']
24,G.I. Joe: Retaliation,G.I. Joe: Retaliation,"$40,501,814",2013-03-28,"3,719","$122,523,060","['Dwayne Johnson', 'Channing Tatum', 'Bruce Willis', 'Adrianne Palicki', 'Ray Stevenson', 'Jonathan Pryce', 'Luke Bracey*']",['Jon Chu']
25,Cloudy with a Chance of Meatballs 2,Cloudy with a Chance of Meatballs 2,"$34,017,930",2013-09-27,"4,001","$119,793,567","['Anna Faris', 'Will Forte*', 'Andy Samberg*', 'Benjamin Bratt*', 'Neil Patrick Harris*']",
26,Now You See Me,Now You See Me,"$29,350,389",2013-05-31,"2,925","$117,723,989","['Jesse Eisenberg', 'Isla Fisher', 'Morgan Freeman', 'Woody Harrelson', 'Mark Ruffalo', 'Dave Franco', 'Melanie Laurent', 'Michael Caine']",['Louis Leterrier']
27,The Wolf of Wall Street,The Wolf of Wall Street,"$18,361,578",2013-12-25,"2,537","$116,900,694","['Leonardo DiCaprio', 'Jonah Hill', 'Matthew McConaughey', 'Margot Robbie', 'Jon Favreau', 'Rob Reiner']",['Martin Scorsese']
28,Lee Daniels' The Butler,Lee Daniels' The Butler,"$24,637,312",2013-08-16,"2,933","$116,632,095","['Forest Whitaker', 'Oprah Winfrey', 'John Cusack', 'Cuba Gooding, Jr.', 'Terrence Howard', 'Lenny Kravitz', 'James Marsden', 'David Oyelowo', 'Alan Rickman', 'Liev Schreiber', 'Robin Williams', 'Minka Kelly*', 'Alex Pettyfer*']",['Lee Daniels']
29,The Hangover Part III,The Hangover Part III,"$41,671,198",2013-05-23,"3,555","$112,200,072","['Bradley Cooper', 'Ed Helms', 'Zach Galifianakis', 'Justin Bartha', 'John Goodman', 'Melissa McCarthy']",['Todd Phillips']
30,Epic,Epic,"$33,531,068",2013-05-24,"3,882","$107,518,682","['Beyonce Knowles', 'Colin Farrell', 'Josh Hutcherson', 'Amanda Seyfried', 'Aziz Ansari', 'Jason Sudeikis', 'Christoph Waltz']",['Chris Wedge']
31,Captain Phillips,Captain Phillips,"$25,718,314",2013-10-11,"3,020","$107,100,855",['Tom Hanks'],['Paul Greengrass']
32,Jackass Presents: Bad Grandpa,Jackass Presents: Bad Grandpa,"$32,055,177",2013-10-25,"3,336","$102,003,019",,['Jeff Tremaine']
33,Pacific Rim,Pacific Rim,"$37,285,325",2013-07-12,"3,275","$101,802,906","['Idris Elba', 'Charlie Day', 'Ron Perlman']",['Guillermo del Toro']
34,This is the End,This is the End,"$20,719,162",2013-06-12,"3,055","$101,470,202","['James Franco', 'Jonah Hill', 'Seth Rogen', 'Jay Baruchel', 'Danny McBride', 'Michael Cera', 'Emma Watson', 'Kevin Hart*']","['Evan Goldberg', 'Seth Rogen']"
35,Olympus Has Fallen,Olympus Has Fallen,"$30,373,794",2013-03-22,"3,098","$98,925,640","['Gerard Butler', 'Aaron Eckhart', 'Morgan Freeman', 'Angela Bassett', 'Ashley Judd', 'Melissa Leo', 'Radha Mitchell']",['Antoine Fuqua']
36,42,42,"$27,487,144",2013-04-12,"3,003","$95,020,213","['Chadwick Boseman', 'Harrison Ford', 'Alan Tudyk', 'Lucas Black']",['Brian Helgeland']
37,Elysium,Elysium,"$29,807,393",2013-08-09,"3,284","$93,050,117","['Matt Damon', 'Jodie Foster', 'Sharlto Copley', 'Diego Luna']",['Neill Blomkamp']
38,Planes,Planes,"$22,232,291",2013-08-09,"3,702","$90,288,712","['Val Kilmer', 'Larry the Cable Guy*', 'Cedric the Entertainer*']",['Klay Hall']
39,The Lone Ranger,The Lone Ranger,"$29,210,849",2013-07-03,"3,904","$89,302,115","['Johnny Depp', 'Armie Hammer', 'Tom Wilkinson', 'Helena Bonham Carter']",['Gore Verbinski']
40,Oblivion,Oblivion,"$37,054,485",2013-04-19,"3,783","$89,107,235","['Tom Cruise', 'Morgan Freeman', 'Olga Kurylenko', 'Melissa Leo']",['Joseph Kosinski']
41,Insidious Chapter 2,Insidious Chapter 2,"$40,272,103",2013-09-13,"3,049","$83,586,447","['Rose Byrne', 'Patrick Wilson']",['James Wan']
42,Saving Mr. Banks,Saving Mr. Banks,"$413,373",2013-12-13,15,"$83,301,580","['Emma Thompson', 'Tom Hanks', 'Colin Farrell', 'Paul Giamatti', 'Jason Schwartzman']",['John Lee Hancock']
43,Turbo,Turbo,"$21,312,625",2013-07-17,"3,806","$83,028,128","['Ryan Reynolds', 'Paul Giamatti', 'Samuel L. Jackson', 'Michelle Rodriguez', 'Snoop Dogg']",['David Soren']
44,2 Guns,2 Guns,"$27,059,130",2013-08-02,"3,025","$75,612,460","['Denzel Washington', 'Mark Wahlberg', 'Paula Patton', 'Bill Paxton', 'James Marsden']",['Baltasar Kormakur']
45,White House Down,White House Down,"$24,852,258",2013-06-28,"3,222","$73,103,784","['Channing Tatum', 'Jamie Foxx', 'Maggie Gyllenhaal', 'Joey King']",['Roland Emmerich']
46,Mama,Mama,"$28,402,310",2013-01-18,"2,647","$71,628,180",['Jessica Chastain'],['Andres Muschietti']
47,Safe Haven,Safe Haven,"$21,401,594",2013-02-14,"3,223","$71,349,120","['Julianne Hough', 'Josh Duhamel']",['Lasse Hallstrom']
48,The Smurfs 2,The Smurfs 2,"$17,548,389",2013-07-31,"3,866","$71,017,784","['Neil Patrick Harris', 'Brendan Gleeson', 'Christina Ricci', 'Anton Yelchin']",['Raja Gosnell']
49,The Best Man Holiday,The Best Man Holiday,"$30,107,555",2013-11-15,"2,024","$70,525,195","['Morris Chestnut', 'Regina Hall', 'Terrence Howard', 'Sanaa Lathan', 'Nia Long']",['Malcolm D. Lee']
50,Percy Jackson: Sea of Monsters,Percy Jackson: Sea of Monsters,"$14,401,054",2013-08-07,"3,031","$68,559,554","['Logan Lerman', 'Brandon T. Jackson', 'Stanley Tucci', 'Sean Bean']",['Thor Freudenthal']
51,A Good Day to Die Hard,A Good Day to Die Hard,"$24,834,845",2013-02-14,"3,553","$67,349,198","['Bruce Willis', 'Jai Courtney', 'Mary Elizabeth Winstead*']",['John Moore']
52,Warm Bodies,Warm Bodies,"$20,353,967",2013-02-01,"3,009","$66,380,662","['Nicholas Hoult', 'Teresa Palmer', 'Analeigh Tipton', 'Dave Franco', 'John Malkovich']",['Jonathan Levine']
53,Jack the Giant Slayer,Jack the Giant Slayer,"$27,202,226",2013-03-01,"3,525","$65,187,603","['Ewen Bremner', 'Nicholas Hoult', 'Ewan McGregor', 'Stanley Tucci']",['Bryan Singer']
54,The Purge,The Purge,"$34,058,360",2013-06-07,"2,536","$64,473,115","['Ethan Hawke', 'Lena Headey']",['James DeMonaco']
55,Last Vegas,Last Vegas,"$16,334,566",2013-11-01,"3,065","$63,914,167","['Michael Douglas', 'Robert DeNiro', 'Morgan Freeman', 'Kevin Kline']",['Jon Turteltaub']
56,Ender's Game,Ender's Game,"$27,017,351",2013-11-01,"3,407","$61,737,191","['Harrison Ford', 'Abigail Breslin', 'Hailee Steinfeld', 'Viola Davis', 'Ben Kingsley']",[]
57,Prisoners,Prisoners,"$20,817,053",2013-09-20,"3,260","$61,002,302","['Hugh Jackman', 'Jake Gyllenhaal', 'Viola Davis', 'Maria Bello', 'Terrence Howard', 'Melissa Leo', 'Paul Dano']",['Denis Villeneuve']
58,After Earth,After Earth,"$27,520,040",2013-05-31,"3,401","$60,522,097","['Kristofer Hivju', 'Jaden Smith', 'Will Smith']",['M. Night Shyamalan']
59,The Secret Life of Walter Mitty,The Secret Life of Walter Mitty,"$12,765,508",2013-12-25,"2,909","$58,236,838","['Ben Stiller', 'Kristen Wiig', 'Sean Penn', 'Adam Scott']",['Ben Stiller']
60,Escape From Planet Earth,Escape From Planet Earth,"$15,891,055",2013-02-15,"3,288","$57,012,977","['Brendan Fraser', 'Ricky Gervais', 'Jessica Alba', 'Sarah Jessica Parker']",['Cal Brunker']
61,12 Years a Slave,12 Years a Slave,"$923,715",2013-10-18,19,"$56,671,993","['Chiwetel Ejiofor', 'Michael Fassbender', 'Brad Pitt', 'Benedict Cumberbatch', 'Paul Dano', 'Sarah Paulson', 'Paul Giamatti', ""Lupita Nyong'o"", 'Michael K. Williams']",['Steve McQueen (II)']
62,Free Birds,Free Birds,"$15,805,237",2013-11-01,"3,736","$55,750,480","['Woody Harrelson', 'Owen Wilson', 'Dan Fogler']",['Jimmy Hayward']
63,Hansel and Gretel: Witch Hunters,Hansel and Gretel: Witch Hunters,"$19,690,956",2013-01-25,"3,372","$55,703,475","['Jeremy Renner', 'Gemma Arterton', 'Famke Janssen', 'Thomas Mann']",['Tommy Wirkola']
64,Evil Dead (2013),Evil Dead,"$25,775,847",2013-04-05,"3,025","$54,239,856","['Shiloh Fernandez', 'Jessica Lucas']",['Fede Alvarez']
65,Red 2,Red 2,"$18,048,422",2013-07-19,"3,016","$53,262,560","['Bruce Willis', 'John Malkovich', 'Helen Mirren', 'Anthony Hopkins', 'Catherine Zeta-Jones', 'Brian Cox*']",['Dean Parisot']
66,Tyler Perry's A Madea Christmas,Tyler Perry's A Madea Christmas,"$16,007,634",2013-12-13,"2,194","$52,543,354",,['Tyler Perry']
67,Tyler Perry's Temptation: Confessions of a Marriage Counselor,Tyler Perry's Temptation: Confessions of a Marriage Counselor,"$21,641,679",2013-03-29,"2,047","$51,975,354",[],['Tyler Perry']
68,The Call,The Call,"$17,118,745",2013-03-15,"2,507","$51,872,378","['Halle Berry', 'Abigail Breslin', 'Morris Chestnut']",['Brad Anderson']
69,Pain and Gain,Pain and Gain,"$20,244,505",2013-04-26,"3,277","$49,875,291","['Mark Wahlberg', 'Dwayne Johnson', 'Ed Harris', 'Anthony Mackie', 'Rebel Wilson']",['Michael Bay']
70,Gangster Squad,Gangster Squad,"$17,070,347",2013-01-11,"3,103","$46,000,903","['Frank Grillo', 'Sean Penn', 'Ryan Gosling', 'Josh Brolin', 'Emma Stone', 'Giovanni Ribisi', 'Anthony Mackie']",['Ruben Fleischer']
71,Jurassic Park 3D,Jurassic Park 3D,"$18,620,145",2013-04-05,"2,771","$45,385,935",,[]
72,The Internship,The Internship,"$17,325,307",2013-06-07,"3,366","$44,672,764","['Vince Vaughn', 'Owen Wilson', 'Rose Byrne', 'John Goodman', 'Josh Gad']",['Shawn Levy']
73,Instructions Not Included,Instructions Not Included,"$7,846,426",2013-08-30,348,"$44,467,206",,
74,Snitch,Snitch,"$13,167,607",2013-02-22,"2,511","$42,930,462","['Michael K. Williams', 'Dwayne Johnson', 'Susan Sarandon', 'Benjamin Bratt']",['Ric Roman Waugh']
75,Riddick,Riddick,"$19,030,375",2013-09-06,"3,107","$42,025,135","['Vin Diesel', 'Karl Urban', 'Katee Sackhoff', 'Dave Bautista']",['David Twohy']
76,A Haunted House,A Haunted House,"$18,101,682",2013-01-11,"2,160","$40,041,683","['Marlon Wayans', 'Cedric the Entertainer', 'Nick Swardson']",['Michael Tiddes']
77,47 Ronin,47 Ronin,"$9,910,310",2013-12-25,"2,689","$38,362,475",,['Carl Rinsch']
78,August: Osage County,August: Osage County,"$179,302",2013-12-27,5,"$37,738,810","['Meryl Streep', 'Julia Roberts', 'Ewan McGregor', 'Chris Cooper', 'Abigail Breslin', 'Benedict Cumberbatch']",['John Wells']
79,Philomena,Philomena,"$128,435",2013-11-22,4,"$37,709,979","['Steve Coogan', 'Judi Dench']",['Stephen Frears']
80,The Family (2013),The Family,"$14,034,764",2013-09-13,"3,091","$36,918,811","['Robert DeNiro', 'Michelle Pfeiffer', 'Tommy Lee Jones', 'Dianna Agron']",['Luc Besson']
81,Walking with Dinosaurs,Walking with Dinosaurs,"$7,091,938",2013-12-20,"3,231","$36,076,121","['Justin Long', 'John Leguizamo', 'Karl Urban']","['Barry Cook', 'Neil Nightingale']"
82,Carrie (2013),Carrie,"$16,101,552",2013-10-18,"3,157","$35,266,619","['Chloe Moretz', 'Portia Doubleday', 'Ansel Elgort', 'Julianne Moore']",['Kimberly Peirce']
83,Texas Chainsaw 3D,Texas Chainsaw 3D,"$21,744,470",2013-01-04,"2,654","$34,341,945",[],['John Luessenhop']
84,R.I.P.D.,R.I.P.D.,"$12,691,415",2013-07-19,"2,852","$33,618,855","['Jeff Bridges', 'Ryan Reynolds', 'Kevin Bacon']",['Robert Schwentke']
85,Blue Jasmine,Blue Jasmine,"$612,064",2013-07-26,6,"$33,405,481","['Cate Blanchett', 'Sally Hawkins', 'Alec Baldwin', 'Peter Sarsgaard']",['Woody Allen']
86,Kevin Hart: Let Me Explain,Kevin Hart: Let Me Explain,"$10,030,463",2013-07-03,876,"$32,244,051",,
87,Side Effects (2013),Side Effects,"$9,303,145",2013-02-08,"2,605","$32,172,757","['Jude Law', 'Rooney Mara', 'Catherine Zeta-Jones', 'Channing Tatum']",['Steven Soderbergh']
88,Scary Movie 5,Scary Movie 5,"$14,157,367",2013-04-12,"3,402","$32,015,787","['Lindsay Lohan', 'Charlie Sheen']",['Malcolm D. Lee']
89,The Mortal Instruments: City of Bones,The Mortal Instruments: City of Bones,"$9,336,957",2013-08-21,"3,118","$31,165,421","['Lily Collins', 'Jonathan Rhys Meyers', 'Lena Headey', 'Jared Harris']",['Harald Zwart']
90,Delivery Man,Delivery Man,"$7,944,977",2013-11-22,"3,036","$30,664,106","['Vince Vaughn', 'Chris Pratt']",['Ken Scott']
91,Grudge Match,Grudge Match,"$7,021,993",2013-12-25,"2,838","$29,807,260","['Sylvester Stallone', 'Robert DeNiro', 'Kevin Hart', 'Kim Basinger']",['Peter Segal']
92,One Direction: This is Us,One Direction: This is Us,"$15,815,497",2013-08-30,"2,735","$28,873,374",,['Morgan Spurlock']
93,Kick-Ass 2,Kick-Ass 2,"$13,332,955",2013-08-16,"2,940","$28,795,985","['Aaron Johnson', 'Chloe Moretz', 'Christopher Mintz-Plasse', 'Jim Carrey', 'Morris Chestnut', 'John Leguizamo', 'Clark Duke']",['Jeff Wadlow']
94,Dallas Buyers Club,Dallas Buyers Club,"$260,865",2013-11-01,9,"$27,298,285","['Matthew McConaughey', 'Jared Leto', 'Jennifer Garner']",['Jean-Marc Vallee']
95,Rush (2013),Rush,"$187,289",2013-09-20,5,"$26,947,624","['Chris Hemsworth', 'Olivia Wilde']",['Ron Howard']
96,The Host (2013),The Host,"$10,600,112",2013-03-29,"3,202","$26,627,201","['Saoirse Ronan', 'Max Irons', 'William Hurt']",['Andrew Niccol']
97,The World's End,The World's End,"$8,811,790",2013-08-23,"1,551","$26,004,851","['Simon Pegg', 'Nick Frost', 'Martin Freeman', 'Rosamund Pike', 'Pierce Brosnan']",['Edgar Wright']
98,21 and Over,21 and Over,"$8,754,168",2013-03-01,"2,771","$25,682,380",['Miles Teller'],"['Jon Lucas', 'Scott Moore']"
99,Her (2013),Her,"$260,382",2013-12-18,6,"$25,568,251","['Joaquin Phoenix', 'Amy Adams', 'Scarlett Johansson', 'Rooney Mara', 'Chris Pratt', 'Olivia Wilde']",['Spike Jonze']
100,American Sniper,American Sniper,"$633,456",2014-12-25,4,"$350,126,372","['Bradley Cooper', 'Kyle Gallner']",['Clint Eastwood']
101,The Hunger Games: Mockingjay - Part 1,The Hunger Games: Mockingjay - Part 1,"$121,897,634",2014-11-21,"4,151","$337,135,885","['Jennifer Lawrence', 'Josh Hutcherson', 'Liam Hemsworth', 'Woody Harrelson', 'Philip Seymour Hoffman', 'Julianne Moore', 'Elizabeth Banks', 'Jena Malone', 'Jeffrey Wright', 'Stanley Tucci']",['Francis Lawrence']
102,Guardians of the Galaxy,Guardians of the Galaxy,"$94,320,883",2014-08-01,"4,080","$333,176,600","['Michael Rooker', 'Chris Pratt', 'Zoe Saldana', 'Dave Bautista', 'Vin Diesel', 'Bradley Cooper', 'Karen Gillan', 'Djimon Hounsou', 'John C. Reilly', 'Glenn Close', 'Benicio Del Toro', 'Josh Brolin*']",['James Gunn']
103,Captain America: The Winter Soldier,Captain America: The Winter Soldier,"$95,023,721",2014-04-04,"3,938","$259,766,572","['Chris Evans', 'Scarlett Johansson', 'Samuel L. Jackson', 'Robert Redford', 'Sebastian Stan', 'Anthony Mackie', 'Frank Grillo', 'Elizabeth Olsen*']","['Anthony Russo', 'Joe Russo']"
104,The LEGO Movie,The LEGO Movie,"$69,050,279",2014-02-07,"3,775","$257,760,692","['Elizabeth Banks', 'Will Ferrell', 'Anthony Daniels', 'Charlie Day', 'Will Forte', 'Dave Franco', 'Morgan Freeman', 'Jonah Hill', 'Liam Neeson', 'Chris Pratt', 'Jorma Taccone', 'Channing Tatum']","['Phil Lord', 'Chris Miller (II)']"
105,The Hobbit: The Battle of the Five Armies,The Hobbit: The Battle of the Five Armies,"$54,724,334",2014-12-17,"3,875","$255,119,788","['Ian McKellen', 'Martin Freeman', 'Luke Evans', 'Orlando Bloom', 'Evangeline Lilly', 'Hugo Weaving', 'Christopher Lee', 'Cate Blanchett', 'Benedict Cumberbatch']",['Peter Jackson']
106,Transformers: Age of Extinction,Transformers: Age of Extinction,"$100,038,390",2014-06-27,"4,233","$245,439,076","['Mark Wahlberg', 'Stanley Tucci', 'Kelsey Grammer']",['Michael Bay']
107,Maleficent,Maleficent,"$69,431,298",2014-05-30,"3,948","$241,410,378","['Angelina Jolie', 'Sharlto Copley', 'Elle Fanning', 'Imelda Staunton', 'Juno Temple', 'Brenton Thwaites']",['Robert Stromberg']
108,X-Men: Days of Future Past,X-Men: Days of Future Past,"$90,823,660",2014-05-23,"3,996","$233,921,534","['Omar Sy', 'Hugh Jackman', 'James McAvoy', 'Michael Fassbender', 'Jennifer Lawrence', 'Nicholas Hoult', 'Patrick Stewart', 'Ian McKellen', 'Ellen Page', 'Halle Berry', 'Anna Paquin*', 'Famke Janssen*', 'James Marsden*']",['Bryan Singer']
109,Big Hero 6,Big Hero 6,"$56,215,889",2014-11-07,"3,761","$222,527,828","['Alan Tudyk', 'Jamie Chung']","['Don Hall', 'Chris Williams']"
110,Dawn of the Planet of the Apes,Dawn of the Planet of the Apes,"$72,611,427",2014-07-11,"3,967","$208,545,589","['Andy Serkis', 'Gary Oldman', 'Kodi Smit-McPhee']",['Matt Reeves']
111,The Amazing Spider-Man 2,The Amazing Spider-Man 2,"$91,608,337",2014-05-02,"4,324","$202,853,933","['Andrew Garfield', 'Emma Stone', 'Jamie Foxx', 'Dane DeHaan', 'Sally Field', 'Paul Giamatti', 'Chris Cooper', 'Felicity Jones*']",['Marc Webb']
112,Godzilla (2014),Godzilla,"$93,188,384",2014-05-16,"3,952","$200,676,069","['Aaron Johnson', 'Elizabeth Olsen', 'Sally Hawkins', 'Bryan Cranston']",['Gareth Edwards']
113,22 Jump Street,22 Jump Street,"$57,071,445",2014-06-13,"3,306","$191,719,337","['Jonah Hill', 'Channing Tatum', 'Ice Cube', 'Dave Franco*', 'Rob Riggle*']","['Phil Lord', 'Chris Miller (II)']"
114,Teenage Mutant Ninja Turtles (2014),Teenage Mutant Ninja Turtles,"$65,575,105",2014-08-08,"3,845","$191,204,754","['Megan Fox', 'Johnny Knoxville']",['Jonathan Liebesman']
115,Interstellar,Interstellar,"$47,510,360",2014-11-05,"3,561","$188,020,017","['Matthew McConaughey', 'Anne Hathaway', 'Jessica Chastain', 'Casey Affleck', 'Topher Grace', 'David Oyelowo*', 'Michael Caine', 'Matt Damon*']",['Christopher Nolan']
116,How to Train Your Dragon 2,How to Train Your Dragon 2,"$49,451,322",2014-06-13,"4,253","$177,002,924","['Jay Baruchel', 'Gerard Butler', 'America Ferrera', 'Jonah Hill', 'Christopher Mintz-Plasse', 'Kristen Wiig', 'Cate Blanchett', 'Djimon Hounsou']",['Dean DeBlois']
117,Gone Girl,Gone Girl,"$37,513,109",2014-10-03,"3,014","$167,767,189","['Ben Affleck', 'Rosamund Pike', 'Neil Patrick Harris', 'Tyler Perry', 'Emily Ratajkowski*', 'Boyd Holbrook*']",['David Fincher']
118,Divergent,Divergent,"$54,607,747",2014-03-21,"3,936","$150,947,895","['Shailene Woodley', 'Theo James', 'Jai Courtney', 'Ray Stevenson', 'Miles Teller', 'Kate Winslet', 'Ashley Judd', 'Ansel Elgort']",['Neil Burger']
119,Neighbors,Neighbors,"$49,033,915",2014-05-09,"3,279","$150,157,400","['Seth Rogen', 'Rose Byrne', 'Zac Efron', 'Dave Franco', 'Christopher Mintz-Plasse']",['Nick Stoller']
120,Ride Along,Ride Along,"$41,516,170",2014-01-17,"2,663","$134,938,200","['Kevin Hart', 'Ice Cube', 'John Leguizamo', 'Laurence Fishburne']",['Tim Story']
121,Rio 2,Rio 2,"$39,327,869",2014-04-11,"3,948","$131,538,435","['Anne Hathaway', 'Jesse Eisenberg', 'Leslie Mann', 'Jemaine Clement', 'Jamie Foxx', 'Tracy Morgan', 'Rodrigo Santoro']",['Carlos Saldanha']
122,Into the Woods,Into the Woods,"$31,051,923",2014-12-25,"2,440","$128,002,372","['Meryl Streep', 'Emily Blunt', 'Anna Kendrick', 'Chris Pine', 'Johnny Depp']",['Rob Marshall']
123,Lucy,Lucy,"$43,899,340",2014-07-25,"3,173","$126,663,600","['Scarlett Johansson', 'Morgan Freeman', 'Analeigh Tipton*']",['Luc Besson']
124,The Fault in our Stars,The Fault in our Stars,"$48,002,523",2014-06-06,"3,173","$124,872,350","['Shailene Woodley', 'Ansel Elgort', 'Willem Dafoe']",['Josh Boone']
125,Unbroken,Unbroken,"$30,621,445",2014-12-25,"3,131","$115,637,895","[""Jack O'Connell"", 'Garrett Hedlund', 'Jai Courtney', 'Alex Russell']",['Angelina Jolie']
126,Night at the Museum: Secret of the Tomb,Night at the Museum: Secret of the Tomb,"$17,100,520",2014-12-19,"3,785","$113,746,621","['Dan Stevens', 'Ben Stiller', 'Robin Williams', 'Owen Wilson', 'Rebel Wilson', 'Ben Kingsley', 'Steve Coogan', 'Ricky Gervais']",['Shawn Levy']
127,Mr. Peabody & Sherman,Mr. Peabody & Sherman,"$32,207,057",2014-03-07,"3,934","$111,506,430","['Ty Burrell', 'Stanley Tucci', 'Lake Bell*', 'Leslie Mann*', 'Allison Janney*']",['Rob Minkoff']
128,300: Rise of An Empire,300: Rise of An Empire,"$45,038,460",2014-03-07,"3,470","$106,580,051","['Eva Green', 'Lena Headey', 'Rodrigo Santoro', ""Jack O'Connell""]",['Noam Murro']
129,The Maze Runner,The Maze Runner,"$32,512,804",2014-09-19,"3,604","$102,427,862",[],['Wes Ball']
130,The Equalizer,The Equalizer,"$34,137,828",2014-09-26,"3,236","$101,530,738","['Denzel Washington', 'Chloe Moretz', 'Melissa Leo']",['Antoine Fuqua']
131,Noah,Noah,"$43,720,472",2014-03-28,"3,567","$101,200,044","['Russell Crowe', 'Jennifer Connelly', 'Emma Watson', 'Anthony Hopkins', 'Logan Lerman', 'Frank Langella*']",['Darren Aronofsky']
132,Edge of Tomorrow,Edge of Tomorrow,"$28,760,246",2014-06-06,"3,490","$100,206,256","['Tom Cruise', 'Emily Blunt', 'Bill Paxton', 'Brendan Gleeson']",['Doug Liman']
133,Non-Stop,Non-Stop,"$28,875,635",2014-02-28,"3,090","$92,168,600","['Liam Neeson', 'Julianne Moore', ""Lupita Nyong'o""]",['Jaume Collet-Serra']
134,Heaven is for Real,Heaven is for Real,"$22,522,221",2014-04-16,"2,417","$91,443,253","['Greg Kinnear', 'Thomas Haden Church']",['Randall Wallace']
135,The Imitation Game,The Imitation Game,"$479,352",2014-11-28,4,"$91,125,683","['Benedict Cumberbatch', 'Keira Knightley', 'Matthew Goode', 'Mark Strong']",['Morten Tyldum']
136,Dumb and Dumber To,Dumb and Dumber To,"$36,111,775",2014-11-14,"3,154","$86,208,010","['Jim Carrey', 'Rob Riggle']",['The Farrelly Bros.']
137,Annie (2014),Annie,"$15,861,939",2014-12-19,"3,116","$85,911,262","['Jamie Foxx', 'Quvenzhane Wallis', 'Rose Byrne', 'Cameron Diaz']",['Will Gluck']
138,Fury (2014),Fury,"$23,702,421",2014-10-17,"3,173","$85,817,906","['Brad Pitt', 'Logan Lerman', 'Shia LaBeouf']",['David Ayer']
139,Tammy,Tammy,"$21,577,049",2014-07-02,"3,465","$84,525,432","['Melissa McCarthy', 'Susan Sarandon', 'Kathy Bates', 'Mark Duplass', 'Toni Collette', 'Allison Janney']",[]
140,Annabelle,Annabelle,"$37,134,255",2014-10-03,"3,185","$84,273,813",[],['John R. Leonetti']
141,The Other Woman (2014),The Other Woman,"$24,763,752",2014-04-25,"3,205","$83,911,193","['Cameron Diaz', 'Leslie Mann', 'Kate Upton', 'Nicki Minaj']",['Nick Cassavetes']
142,Penguins of Madagascar,Penguins of Madagascar,"$25,447,444",2014-11-26,"3,764","$83,350,911","['Benedict Cumberbatch', 'John Malkovich']","['Eric Darnell', 'Simon J. Smith']"
143,Let's Be Cops,Let's Be Cops,"$17,813,722",2014-08-13,"3,094","$82,390,774","['Jake Johnson', 'Rob Riggle']",['Luke Greenfield']
144,The Monuments Men,The Monuments Men,"$22,003,433",2014-02-07,"3,083","$78,031,620","['George Clooney', 'Matt Damon', 'Bill Murray', 'Cate Blanchett', 'John Goodman']",['George Clooney']
145,Hercules (2014),Hercules,"$29,800,263",2014-07-25,"3,595","$72,688,614","['Rebecca Ferguson', 'Dwayne Johnson', 'Rufus Sewell']",['Brett Ratner']
146,The Purge: Anarchy,The Purge: Anarchy,"$29,816,675",2014-07-18,"2,805","$71,962,800","['Michael K. Williams', 'Frank Grillo']",['James DeMonaco']
147,"Alexander and the Terrible, Horrible, No Good, Very Bad Day","Alexander and the Terrible, Horrible, No Good, Very Bad Day","$18,360,230",2014-10-10,"3,088","$66,954,149","['Steve Carell', 'Jennifer Garner', 'Bella Thorne', 'Jennifer Coolidge']",['Miguel Arteta']
148,Think Like a Man Too,Think Like a Man Too,"$29,241,911",2014-06-20,"2,225","$65,182,182","['Michael Ealy', 'Regina Hall', 'Taraji P. Henson', 'Kevin Hart']",['Tim Story']
149,Exodus: Gods and Kings,Exodus: Gods and Kings,"$24,115,934",2014-12-12,"3,503","$65,014,513","['Ewen Bremner', 'Christian Bale', 'Sigourney Weaver', 'Ben Kingsley']",['Ridley Scott']
150,The Nut Job,The Nut Job,"$19,423,000",2014-01-17,"3,427","$64,251,541","['Brendan Fraser', 'Liam Neeson', 'Katherine Heigl']",['Peter Lepeniotis']
151,God's Not Dead,God's Not Dead,"$9,217,013",2014-03-21,780,"$60,755,732",,[]
152,Son of God,Son of God,"$25,601,865",2014-02-28,"3,260","$59,700,064",,['Christopher Spencer']
153,The Grand Budapest Hotel,The Grand Budapest Hotel,"$811,166",2014-03-07,4,"$59,301,324","['Mathieu Amalric', 'Ralph Fiennes', 'Adrien Brody', 'Willem Dafoe', 'Jeff Goldblum', 'Jude Law', 'Bill Murray', 'Edward Norton', 'Saoirse Ronan', 'Jason Schwartzman', 'Tilda Swinton', 'Tom Wilkinson', 'Owen Wilson']",['Wes Anderson']
154,Planes: Fire & Rescue,Planes: Fire & Rescue,"$17,509,407",2014-07-18,"3,826","$59,165,787",['Ed Harris'],[]
155,RoboCop (2014),RoboCop,"$21,681,430",2014-02-12,"3,372","$58,607,007","['Michael K. Williams', 'Gary Oldman', 'Michael Keaton', 'Abbie Cornish', 'Jackie Earle Haley', 'Jay Baruchel', 'Samuel L. Jackson']",['Jose Padilha']
156,Dracula Untold,Dracula Untold,"$23,514,615",2014-10-10,"2,885","$56,280,355","['Luke Evans', 'Dominic Cooper']",['Gary Shore']
157,Horrible Bosses 2,Horrible Bosses 2,"$15,457,418",2014-11-26,"3,375","$54,445,357","['Jason Bateman', 'Charlie Day', 'Jason Sudeikis', 'Jennifer Aniston', 'Kevin Spacey', 'Jamie Foxx', 'Christoph Waltz', 'Chris Pine']",['Sean Anders']
158,The Hundred-Foot Journey,The Hundred-Foot Journey,"$10,979,290",2014-08-08,"2,023","$54,240,821",['Helen Mirren'],['Lasse Hallstrom']
159,No Good Deed (2014),No Good Deed,"$24,250,283",2014-09-12,"2,175","$52,543,632","['Idris Elba', 'Taraji P. Henson']",['Sam Miller']
160,Selma,Selma,"$571,450",2014-12-25,19,"$52,076,908","['Tessa Thompson', 'David Oyelowo', 'Tom Wilkinson', 'Giovanni Ribisi', 'Oprah Winfrey', 'Common', 'Cuba Gooding, Jr.*']",['Ava DuVernay']
161,Muppets Most Wanted,Muppets Most Wanted,"$17,005,126",2014-03-21,"3,194","$51,183,113","['Ricky Gervais', 'Ty Burrell', 'Tina Fey', 'Jemaine Clement']",[]
162,Ouija,Ouija,"$19,875,995",2014-10-24,"2,858","$50,856,010",,['Stiles White']
163,The Boxtrolls,The Boxtrolls,"$17,275,239",2014-09-26,"3,464","$50,837,305","['Ben Kingsley', 'Toni Collette', 'Elle Fanning', 'Jared Harris', 'Simon Pegg', 'Nick Frost', 'Tracy Morgan']","['Graham Annable', 'Anthony Stacchi']"
164,Jack Ryan: Shadow Recruit,Jack Ryan: Shadow Recruit,"$15,451,981",2014-01-17,"3,387","$50,577,412","['Chris Pine', 'Keira Knightley', 'Kevin Costner', 'Kenneth Branagh']",['Kenneth Branagh']
165,If I Stay,If I Stay,"$15,679,190",2014-08-22,"2,907","$50,474,843","['Chloe Moretz', 'Mireille Enos']",['R.J. Cutler']
166,The Book of Life (2014),The Book of Life,"$17,005,218",2014-10-17,"3,071","$50,151,543","['Eugenio Derbez', 'Diego Luna', 'Zoe Saldana', 'Channing Tatum', 'Christina Applegate', 'Ron Perlman', 'Ice Cube']",['Jorge R. Gutierrez']
167,About Last Night (2014),About Last Night,"$25,649,011",2014-02-14,"2,253","$48,637,684","['Kevin Hart', 'Michael Ealy', 'Regina Hall', 'Paula Patton']",['Steve Pink']
168,Into The Storm,Into The Storm,"$17,346,427",2014-08-08,"3,434","$47,602,194",['Jeremy Sumpter'],['Steven Quale']
169,The Judge,The Judge,"$13,116,226",2014-10-10,"3,003","$47,119,388","['Robert Downey, Jr.', 'Robert Duvall', 'Vera Farmiga', 'Billy Bob Thornton', 'Leighton Meester']",['David Dobkin']
170,Jersey Boys,Jersey Boys,"$13,319,371",2014-06-20,"2,905","$47,047,013",,['Clint Eastwood']
171,Blended,Blended,"$14,284,031",2014-05-23,"3,555","$46,294,610","['Adam Sandler', 'Drew Barrymore', 'Bella Thorne']",['Frank Coraci']
172,The Giver,The Giver,"$12,305,016",2014-08-15,"3,003","$45,090,374","['Jeff Bridges', 'Meryl Streep', 'Brenton Thwaites', 'Alexander Skarsgård', 'Katie Holmes']",['Phillip Noyce']
173,St. Vincent,St. Vincent,"$109,878",2014-10-10,4,"$44,137,712","['Naomi Watts', 'Melissa McCarthy', 'Bill Murray', 'Terrence Howard']",['Theodore Melfi']
174,Need for Speed,Need for Speed,"$17,844,939",2014-03-14,"3,115","$43,577,636","['Imogen Poots', 'Dominic Cooper', 'Scott Mescudi', 'Michael Keaton']",['Scott Waugh']
175,A Million Ways to Die in the West,A Million Ways to Die in the West,"$16,797,385",2014-05-30,"3,158","$43,139,300","['Seth MacFarlane', 'Charlize Theron', 'Liam Neeson', 'Amanda Seyfried', 'Giovanni Ribisi', 'Neil Patrick Harris']",['Seth MacFarlane']
176,John Wick,John Wick,"$14,415,922",2014-10-24,"2,589","$43,037,835","['Keanu Reeves', 'Adrianne Palicki', 'Willem Dafoe', 'Michael Nyqvist', 'Bridget Moynahan', 'Lance Reddick']","['David Leitch', 'Chad Stahelski']"
177,Birdman,Birdman,"$424,397",2014-10-17,4,"$42,340,598","['Michael Keaton', 'Zach Galifianakis', 'Edward Norton', 'Amy Ryan', 'Emma Stone', 'Naomi Watts']",['Alejandro González Iñárritu']
178,Dolphin Tale 2,Dolphin Tale 2,"$15,873,397",2014-09-12,"3,656","$42,024,533","['Ashley Judd', 'Morgan Freeman']",[]
179,The Expendables 3,The Expendables 3,"$15,879,645",2014-08-15,"3,221","$39,322,544","['Sylvester Stallone', 'Jason Statham', 'Antonio Banderas', 'Jet Li', 'Wesley Snipes', 'Kelsey Grammer', 'Kellan Lutz', 'Mel Gibson', 'Harrison Ford', 'Arnold Schwarzenegger']",['Patrick Hughes']
180,Earth to Echo,Earth to Echo,"$8,364,658",2014-07-02,"3,230","$38,934,842",,['Dave Green']
181,Sex Tape,Sex Tape,"$14,608,152",2014-07-18,"3,062","$38,543,473","['Jason Segel', 'Cameron Diaz', 'Rob Lowe']",['Jake Kasdan']
182,Wild (2014),Wild,"$606,810",2014-12-03,21,"$37,880,356",['Reese Witherspoon'],['Jean-Marc Vallee']
183,Million Dollar Arm,Million Dollar Arm,"$10,515,659",2014-05-16,"3,019","$36,457,627","['Jon Hamm', 'Bill Paxton', 'Lake Bell', 'Suraj Sharma']",['Craig Gillespie']
184,The Theory of Everything,The Theory of Everything,"$208,763",2014-11-07,5,"$35,893,537","['Eddie Redmayne', 'Felicity Jones']",[]
185,This is Where I Leave You,This is Where I Leave You,"$11,558,149",2014-09-19,"2,868","$34,296,320","['Jason Bateman', 'Tina Fey', 'Rose Byrne', 'Timothy Olyphant']",['Shawn Levy']
186,The Gambler,The Gambler,"$9,129,999",2014-12-25,"2,478","$33,680,992","['Mark Wahlberg', 'Brie Larson', 'John Goodman', 'Jessica Lange']",['Rupert Wyatt']
187,Paranormal Activity: The Marked Ones,Paranormal Activity: The Marked Ones,"$18,343,611",2014-01-03,"2,867","$32,462,372",,['Christopher B. Landon']
188,Nightcrawler,Nightcrawler,"$10,441,000",2014-10-31,"2,766","$32,381,217","['Jake Gyllenhaal', 'Bill Paxton', 'Rene Russo']",['Dan Gilroy']
189,Chef,Chef,"$204,961",2014-05-09,6,"$31,424,003","['Jon Favreau', 'John Leguizamo', 'Scarlett Johansson', 'Dustin Hoffman', 'Robert Downey, Jr.']",['Jon Favreau']
190,Get On Up,Get On Up,"$13,585,915",2014-08-01,"2,468","$30,703,100","['Chadwick Boseman', 'Viola Davis', 'Octavia Spencer']",['Tate Taylor']
191,3 Days to Kill,3 Days to Kill,"$12,242,218",2014-02-21,"2,872","$30,697,999","['Kevin Costner', 'Hailee Steinfeld', 'Amber Heard']",['McG']
192,Deliver Us From Evil,Deliver Us From Evil,"$9,740,471",2014-07-02,"3,049","$30,577,122","['Eric Bana', 'Edgar Ramirez']",['Scott Derrickson']
193,When the Game Stands Tall,When the Game Stands Tall,"$8,381,509",2014-08-22,"2,673","$30,127,963",['James Caviezel'],['Thomas Carter']
194,Draft Day,Draft Day,"$9,783,603",2014-04-11,"2,781","$28,842,237","['Kevin Costner', 'Jennifer Garner', 'Frank Langella', 'Chadwick Boseman', ""Sean 'P. Diddy' Combs"", 'Rosanna Arquette']",['Ivan Reitman']
195,Oculus,Oculus,"$12,005,402",2014-04-11,"2,648","$27,695,246","['Karen Gillan', 'Brenton Thwaites', 'Katee Sackhoff']",['Mike Flanagan']
196,The Best of Me,The Best of Me,"$10,003,827",2014-10-17,"2,936","$26,766,213","['James Marsden', 'Michelle Monaghan', 'Luke Bracey']",['Michael Hoffman']
197,A Walk Among the Tombstones,A Walk Among the Tombstones,"$12,758,780",2014-09-19,"2,712","$26,307,600","['Liam Neeson', 'Dan Stevens', 'Boyd Holbrook']",['Scott Frank']
198,That Awkward Moment,That Awkward Moment,"$8,742,109",2014-01-31,"2,809","$26,068,955","['Zac Efron', 'Michael B. Jordan', 'Miles Teller', 'Imogen Poots']",['Tom Gormican']
199,Boyhood,Boyhood,"$387,618",2014-07-11,5,"$25,352,281",['Ethan Hawke'],['Richard Linklater']
200,Star Wars: The Force Awakens,Star Wars: The Force Awakens,"$247,966,675",2015-12-18,"4,134","$936,662,225","['John Boyega', 'Daisy Ridley', 'Oscar Isaac', 'Andy Serkis', 'Harrison Ford', 'Carrie Fisher', 'Mark Hamill', 'Anthony Daniels', 'Peter Mayhew', ""Lupita Nyong'o"", 'Simon Pegg']",['J.J. Abrams']
201,Jurassic World,Jurassic World,"$208,806,270",2015-06-12,"4,274","$652,270,625","['Omar Sy', 'Chris Pratt', 'Bryce Dallas Howard', 'Jake Johnson', 'Irrfan Khan']",['Colin Trevorrow']
202,Avengers: Age of Ultron,Avengers: Age of Ultron,"$191,271,109",2015-05-01,"4,276","$459,005,868","['Robert Downey, Jr.', 'Chris Hemsworth', 'Mark Ruffalo', 'Chris Evans', 'Scarlett Johansson', 'Jeremy Renner', 'Don Cheadle', 'Aaron Johnson', 'Elizabeth Olsen', 'Paul Bettany', 'Anthony Mackie', 'Idris Elba', 'Stellan Skarsgard', 'Samuel L. Jackson', 'Josh Brolin', 'Andy Serkis*']",['Joss Whedon']
203,Inside Out,Inside Out,"$90,440,272",2015-06-19,"3,946","$356,461,711","['Mindy Kaling', 'Diane Lane']",['Pete Docter']
204,Furious 7,Furious 7,"$147,187,040",2015-04-03,"4,004","$353,007,020","['Tony Jaa', 'Vin Diesel', 'Paul Walker', 'Dwayne Johnson', 'Michelle Rodriguez', 'Jordana Brewster', 'Tyrese Gibson', ""Chris 'Ludacris' Bridges"", 'Lucas Black', 'Jason Statham', 'Djimon Hounsou', 'Kurt Russell']",['James Wan']
205,Minions,Minions,"$115,718,405",2015-07-10,"4,301","$336,045,770","['Sandra Bullock', 'Jon Hamm', 'Michael Keaton', 'Allison Janney', 'Steve Coogan', 'Steve Carell']",['Pierre Coffin']
206,The Hunger Games: Mockingjay - Part 2,The Hunger Games: Mockingjay - Part 2,"$102,665,981",2015-11-20,"4,175","$281,723,902","['Jennifer Lawrence', 'Josh Hutcherson', 'Liam Hemsworth', 'Woody Harrelson', 'Philip Seymour Hoffman', 'Julianne Moore', 'Elizabeth Banks', 'Jena Malone', 'Jeffrey Wright', 'Stanley Tucci']",['Francis Lawrence']
207,The Martian,The Martian,"$54,308,575",2015-10-02,"3,831","$228,433,663","['Sean Bean', 'Jessica Chastain', 'Matt Damon', 'Chiwetel Ejiofor', 'Kate Mara', 'Sebastian Stan', 'Kristen Wiig']",['Ridley Scott']
208,Cinderella (2015),Cinderella,"$67,877,361",2015-03-13,"3,845","$201,151,353","['Cate Blanchett', 'Helena Bonham Carter', 'Stellan Skarsgard']",['Kenneth Branagh']
209,Spectre,Spectre,"$70,403,148",2015-11-06,"3,929","$200,074,609","['Daniel Craig', 'Christoph Waltz', 'Ralph Fiennes', 'Dave Bautista', 'Monica Bellucci', 'Ben Whishaw', 'Naomie Harris']",['Sam Mendes']
210,Mission: Impossible - Rogue Nation,Mission: Impossible - Rogue Nation,"$55,520,089",2015-07-31,"3,956","$195,042,377","['Tom Cruise', 'Jeremy Renner', 'Simon Pegg', 'Alec Baldwin', 'Rebecca Ferguson']",['Christopher McQuarrie']
211,Pitch Perfect 2,Pitch Perfect 2,"$69,216,890",2015-05-15,"3,473","$184,296,230","['Anna Kendrick', 'Rebel Wilson', 'Adam DeVine', 'Hailee Steinfeld', 'Elizabeth Banks']",['Elizabeth Banks']
212,The Revenant,The Revenant,"$474,560",2015-12-25,4,"$183,637,894","['Leonardo DiCaprio', 'Tom Hardy', 'Lukas Haas']",['Alejandro González Iñárritu']
213,Ant-Man,Ant-Man,"$57,225,526",2015-07-17,"3,856","$180,202,163","['Chris Evans*', 'Anthony Mackie*', 'Paul Rudd', 'Michael Douglas', 'Evangeline Lilly', 'John Slattery']",['Peyton Reed']
214,Home (2015),Home,"$52,107,731",2015-03-27,"3,708","$177,397,510","['Rihanna', 'Steve Martin', 'Jennifer Lopez']",['Tim Johnson']
215,Hotel Transylvania 2,Hotel Transylvania 2,"$48,464,322",2015-09-25,"3,754","$169,700,110","['Adam Sandler', 'Andy Samberg', 'Selena Gomez', 'Kevin James', 'David Spade', 'Rob Riggle', 'Robert Smigel*', 'Nick Swardson*', 'Dana Carvey*']",[]
216,Fifty Shades of Grey,Fifty Shades of Grey,"$85,171,450",2015-02-13,"3,646","$166,167,230",[],['Sam Taylor-Johnson']
217,The SpongeBob Movie: Sponge Out of Water,The SpongeBob Movie: Sponge Out of Water,"$55,365,012",2015-02-06,"3,641","$162,994,032",,"['Mike Mitchell', 'Paul Tibbitt']"
218,Straight Outta Compton,Straight Outta Compton,"$60,200,180",2015-08-14,"2,757","$161,197,785",[],['F. Gary Gray']
219,San Andreas,San Andreas,"$54,588,173",2015-05-29,"3,777","$155,190,832","['Paul Giamatti', 'Ioan Gruffudd', 'Carla Gugino', 'Dwayne Johnson']",['Brad Peyton']
220,Mad Max: Fury Road,Mad Max: Fury Road,"$45,428,128",2015-05-15,"3,702","$153,636,354","['Tom Hardy', 'Charlize Theron', 'Nicholas Hoult', 'Rosie Huntington-Whiteley']",['George Miller']
221,Daddy's Home,Daddy's Home,"$38,740,203",2015-12-25,"3,271","$150,357,137","['Thomas Haden Church', 'Will Ferrell', 'Mark Wahlberg']",['Sean Anders']
222,The Divergent Series: Insurgent,The Divergent Series: Insurgent,"$52,263,680",2015-03-20,"3,875","$130,179,072","['Shailene Woodley', 'Theo James', 'Kate Winslet', 'Octavia Spencer', 'Jai Courtney', 'Ray Stevenson', 'Miles Teller', 'Ansel Elgort', 'Naomi Watts']",['Robert Schwentke']
223,The Peanuts Movie,The Peanuts Movie,"$44,213,073",2015-11-06,"3,897","$130,178,411",,
224,Kingsman: The Secret Service,Kingsman: The Secret Service,"$36,206,331",2015-02-13,"3,204","$128,261,724","['Sofia Boutella', 'Colin Firth', 'Samuel L. Jackson', 'Michael Caine', 'Taron Egerton', 'Mark Strong', 'Sophie Cookson', 'Mark Hamill']",['Matthew Vaughn']
225,The Good Dinosaur,The Good Dinosaur,"$39,155,217",2015-11-25,"3,749","$123,087,120","['Frances McDormand', 'Anna Paquin', 'Jeffrey Wright']",[]
226,Spy,Spy,"$29,085,719",2015-06-05,"3,711","$110,825,712","['Melissa McCarthy', 'Jason Statham', 'Jude Law', 'Rose Byrne', 'Allison Janney', '50 Cent']",['Paul Feig']
227,Trainwreck,Trainwreck,"$30,097,040",2015-07-17,"3,158","$110,212,700","['John Cena', 'Brie Larson', 'Ezra Miller', 'Daniel Radcliffe', 'Marisa Tomei', 'Tilda Swinton']",['Judd Apatow']
228,Creed,Creed,"$29,632,823",2015-11-25,"3,404","$109,767,581","['Michael B. Jordan', 'Sylvester Stallone', 'Tessa Thompson']",['Ryan Coogler']
229,Tomorrowland,Tomorrowland,"$33,028,165",2015-05-22,"3,972","$93,436,322","['George Clooney', 'Hugh Laurie']",['Brad Bird']
230,Get Hard,Get Hard,"$33,803,253",2015-03-27,"3,175","$90,411,453","['Will Ferrell', 'Kevin Hart', 'Craig T. Nelson']",['Etan Cohen']
231,Terminator: Genisys,Terminator: Genisys,"$27,018,486",2015-07-01,"3,758","$89,760,956","['Arnold Schwarzenegger', 'Jai Courtney']",['Alan Taylor']
232,Taken 3,Taken 3,"$39,201,657",2015-01-09,"3,594","$89,256,424","['Liam Neeson', 'Famke Janssen', 'Forest Whitaker']",['Olivier Megaton']
233,Sisters,Sisters,"$13,922,855",2015-12-18,"2,962","$87,044,645","['Tina Fey', 'John Leguizamo', 'John Cena']",['Jason Moore']
234,Alvin and the Chipmunks: The Road Chip,Alvin and the Chipmunks: The Road Chip,"$14,287,159",2015-12-18,"3,653","$85,886,987","['Christina Applegate', 'Kaley Cuoco', 'Anna Faris', 'Justin Long', 'Bella Thorne']",
235,Maze Runner: The Scorch Trials,Maze Runner: The Scorch Trials,"$30,316,510",2015-09-18,"3,791","$81,697,192",[],['Wes Ball']
236,Ted 2,Ted 2,"$33,507,870",2015-06-26,"3,442","$81,476,385","['Mark Wahlberg', 'Seth MacFarlane', 'Amanda Seyfried', 'Morgan Freeman', 'Giovanni Ribisi', 'John Slattery', 'Liam Neeson', 'Patrick Stewart*']",['Seth MacFarlane']
237,Goosebumps,Goosebumps,"$23,618,556",2015-10-16,"3,501","$80,080,379",,['Rob Letterman']
238,Pixels,Pixels,"$24,011,616",2015-07-24,"3,723","$78,747,585","['Adam Sandler', 'Kevin James', 'Josh Gad', 'Michelle Monaghan', 'Brian Cox']",['Chris Columbus']
239,Paddington,Paddington,"$18,966,676",2015-01-16,"3,303","$76,271,832","['Sally Hawkins', 'Nicole Kidman', 'Ben Whishaw', 'Jim Broadbent']",['Paul King']
240,The Intern,The Intern,"$17,728,313",2015-09-25,"3,305","$75,764,672","['Robert DeNiro', 'Anne Hathaway', 'Rene Russo']",['Nancy Meyers']
241,Bridge of Spies,Bridge of Spies,"$15,371,203",2015-10-16,"2,811","$72,313,754","['Jesse Plemons', 'Mark Rylance', 'Tom Hanks', 'Amy Ryan', 'Alan Alda']",['Steven Spielberg']
242,Paul Blart: Mall Cop 2,Paul Blart: Mall Cop 2,"$23,762,435",2015-04-17,"3,633","$71,038,190",['Kevin James'],['Andy Fickman']
243,The Big Short,The Big Short,"$705,527",2015-12-11,8,"$70,259,870","['Christian Bale', 'Steve Carell', 'Ryan Gosling', 'Brad Pitt', 'Melissa Leo', 'Marisa Tomei', 'Karen Gillan', 'Margot Robbie*', 'Selena Gomez*']",['Adam McKay']
244,War Room,War Room,"$11,351,389",2015-08-28,"1,135","$67,790,117",,['Alex Kendrick']
245,Magic Mike XXL,Magic Mike XXL,"$12,857,184",2015-07-01,"3,355","$66,013,057","['Amber Heard', 'Channing Tatum', 'Jada Pinkett-Smith']",['Gregory Jacobs']
246,The Visit,The Visit,"$25,427,560",2015-09-11,"3,069","$65,206,105",,['M. Night Shyamalan']
247,The Wedding Ringer,The Wedding Ringer,"$20,649,306",2015-01-16,"3,003","$64,460,211","['Kevin Hart', 'Josh Gad', 'Kaley Cuoco', 'Olivia Thirlby']",['Jeremy Garelick']
248,Black Mass,Black Mass,"$22,635,037",2015-09-18,"3,188","$62,575,678","['Jesse Plemons', 'Johnny Depp', 'Benedict Cumberbatch', 'Juno Temple', 'Kevin Bacon', 'Adam Scott']",['Scott Cooper']
249,Vacation,Vacation,"$14,681,108",2015-07-29,"3,411","$58,884,188","['Ed Helms', 'Leslie Mann', 'Christina Applegate', 'Chris Hemsworth', 'Charlie Day', 'Ron Livingston', 'Regina Hall']",['Jonathan M. Goldstein']
250,The Perfect Guy,The Perfect Guy,"$25,888,154",2015-09-11,"2,221","$57,027,435","['Sanaa Lathan', 'Michael Ealy', 'Morris Chestnut']",
251,Joy,Joy,"$17,015,168",2015-12-25,"2,896","$56,451,232","['Bradley Cooper', 'Robert DeNiro', 'Jennifer Lawrence', 'Virginia Madsen', 'Edgar Ramirez', 'Elisabeth Rohm']",['David O. Russell']
252,Fantastic Four,Fantastic Four,"$25,685,737",2015-08-07,"3,995","$56,117,548","['Miles Teller', 'Michael B. Jordan', 'Jamie Bell', 'Kate Mara']",['Josh Trank']
253,The Hateful Eight,The Hateful Eight,"$4,610,676",2015-12-25,100,"$54,117,416","['Samuel L. Jackson', 'Kurt Russell', 'Channing Tatum']",['Quentin Tarantino']
254,Focus (2015),Focus,"$18,685,137",2015-02-27,"3,323","$53,862,963","['Will Smith', 'Margot Robbie', 'Rodrigo Santoro']","['Glenn Ficarra', 'John Requa']"
255,Southpaw,Southpaw,"$16,701,294",2015-07-24,"2,772","$52,421,953","['Jake Gyllenhaal', 'Forest Whitaker', 'Rachel McAdams', '50 Cent', 'Naomie Harris']",['Antoine Fuqua']
256,Insidious Chapter 3,Insidious Chapter 3,"$22,692,741",2015-06-05,"3,002","$52,218,558",,['Leigh Whannell']
257,Poltergeist (2015),Poltergeist,"$22,620,386",2015-05-22,"3,240","$47,425,125","['Sam Rockwell', 'Rosemarie DeWitt', 'Jared Harris']",['Gil Kenan']
258,Jupiter Ascending,Jupiter Ascending,"$18,372,372",2015-02-06,"3,181","$47,387,723","['Channing Tatum', 'Mila Kunis', 'Eddie Redmayne', 'Sean Bean']",['Lilly & Lana Wachowski']
259,Sicario,Sicario,"$401,288",2015-09-18,6,"$46,889,293","['Emily Blunt', 'Benicio Del Toro', 'Josh Brolin']",['Denis Villeneuve']
260,The Man From U.N.C.L.E.,The Man From U.N.C.L.E.,"$13,421,036",2015-08-14,"3,638","$45,445,109","['Elizabeth Debicki', 'Henry Cavill', 'Armie Hammer', 'Alicia Vikander', 'Hugh Grant', 'Jared Harris']",['Guy Ritchie']
261,Spotlight,Spotlight,"$295,009",2015-11-06,5,"$45,055,776","['Mark Ruffalo', 'Michael Keaton', 'Rachel McAdams', 'Liev Schreiber', 'Stanley Tucci', 'John Slattery']",['Tom McCarthy']
262,"McFarland, USA","McFarland, USA","$11,020,798",2015-02-20,"2,755","$44,482,410","['Maria Bello', 'Kevin Costner']",['Niki Caro']
263,The Gift (2015),The Gift,"$11,854,273",2015-08-07,"2,503","$43,787,265","['Jason Bateman', 'Rebecca Hall']",[]
264,Everest (2015),Everest,"$7,222,035",2015-09-18,545,"$43,482,270","['Josh Brolin', 'Elizabeth Debicki', 'Jake Gyllenhaal', 'Keira Knightley']",['Baltasar Kormakur']
265,The Night Before,The Night Before,"$9,880,536",2015-11-20,"2,960","$43,047,372","['Seth Rogen', 'Joseph Gordon-Levitt', 'Anthony Mackie']",['Jonathan Levine']
266,Krampus,Krampus,"$16,293,325",2015-12-04,"2,902","$42,725,475","['Toni Collette', 'Adam Scott']",['Michael Dougherty']
267,Max (2015),Max,"$12,155,254",2015-06-26,"2,855","$42,656,255",['Thomas Haden Church'],['Boaz Yakin']
268,The Age of Adaline,The Age of Adaline,"$13,203,458",2015-04-24,"2,991","$42,629,776","['Blake Lively', 'Harrison Ford', 'Amanda Crew']",[]
269,Brooklyn,Brooklyn,"$187,281",2015-11-04,5,"$38,322,743","['Saoirse Ronan', 'Jim Broadbent']",['John Crowley']
270,The Longest Ride,The Longest Ride,"$13,019,686",2015-04-10,"3,366","$37,446,117","['Melissa Benoist', 'Alan Alda']","['George Tillman, Jr.']"
271,The Boy Next Door,The Boy Next Door,"$14,910,105",2015-01-23,"2,602","$35,423,380","['Jennifer Lopez', 'Ryan Guzman', 'John Corbett']",['Rob Cohen']
272,Pan,Pan,"$15,315,435",2015-10-09,"3,515","$35,088,320","['Hugh Jackman', 'Garrett Hedlund', 'Amanda Seyfried', 'Rooney Mara']",['Joe Wright']
273,Hot Pursuit,Hot Pursuit,"$13,942,258",2015-05-08,"3,003","$34,580,201",['Reese Witherspoon'],['Anne Fletcher']
274,Concussion (2015),Concussion,"$10,513,749",2015-12-25,"2,841","$34,542,474","['Will Smith', 'Alec Baldwin', 'Luke Wilson']",['Peter Landesman']
275,The DUFF,The DUFF,"$10,809,149",2015-02-20,"2,575","$34,030,343",,['Ari Sandel']
276,Woman in Gold,Woman in Gold,"$2,091,551",2015-04-01,258,"$33,307,793","['Helen Mirren', 'Ryan Reynolds', 'Katie Holmes', 'Max Irons']",
277,The Second Best Exotic Marigold Hotel,The Second Best Exotic Marigold Hotel,"$8,540,370",2015-03-06,"1,573","$33,078,266","['Judi Dench', 'Maggie Smith', 'Richard Gere', 'Dev Patel']",['John Madden']
278,Unfriended,Unfriended,"$15,845,115",2015-04-17,"2,739","$32,482,090",,[]
279,Entourage,Entourage,"$10,283,250",2015-06-03,"3,108","$32,363,404",['Billy Bob Thornton'],[]
280,Paper Towns,Paper Towns,"$12,650,140",2015-07-24,"3,031","$32,000,304",['Cara Delevigne'],['Jake Schreier']
281,Chappie,Chappie,"$13,346,782",2015-03-06,"3,201","$31,569,268","['Dev Patel', 'Sharlto Copley', 'Sigourney Weaver', 'Hugh Jackman']",['Neill Blomkamp']
282,Crimson Peak,Crimson Peak,"$13,143,310",2015-10-16,"2,984","$31,090,320","['Mia Wasikowska', 'Jessica Chastain', 'Tom Hiddleston']",['Guillermo del Toro']
283,A Walk in the Woods,A Walk in the Woods,"$8,246,267",2015-09-02,"1,960","$29,504,281","['Robert Redford', 'Emma Thompson']",
284,Point Break (2015),Point Break,"$9,800,252",2015-12-25,"2,910","$28,782,481","['Luke Bracey', 'Teresa Palmer', 'Edgar Ramirez']",
285,Sinister 2,Sinister 2,"$10,542,116",2015-08-21,"2,766","$27,740,955",,[]
286,The Last Witch Hunter,The Last Witch Hunter,"$10,812,861",2015-10-23,"3,082","$27,367,660","['Vin Diesel', 'Elijah Wood', 'Michael Caine']",[]
287,No Escape,No Escape,"$8,111,264",2015-08-26,"3,355","$27,288,872","['Owen Wilson', 'Pierce Brosnan', 'Lake Bell']",['John Erick Dowdle']
288,Ricki and the Flash,Ricki and the Flash,"$6,610,961",2015-08-07,"1,603","$26,822,144","['Meryl Streep', 'Kevin Kline', 'Sebastian Stan']",['Jonathan Demme']
289,The Woman in Black 2: Angel of Death,The Woman in Black 2: Angel of Death,"$15,027,415",2015-01-02,"2,602","$26,501,323",,
290,Run All Night,Run All Night,"$11,012,305",2015-03-13,"3,171","$26,461,644","['Common', 'Liam Neeson', 'Ed Harris', 'Boyd Holbrook']",['Jaume Collet-Serra']
291,Love the Coopers,Love the Coopers,"$8,317,545",2015-11-13,"2,603","$26,302,731","['John Goodman', 'Ed Helms', 'Diane Keaton', 'Anthony Mackie', 'Amanda Seyfried', 'Marisa Tomei', 'Olivia Wilde']",[]
292,The Lazarus Effect,The Lazarus Effect,"$10,203,437",2015-02-27,"2,666","$25,801,047","['Olivia Wilde', 'Mark Duplass']",['David Gelb']
293,Ex Machina,Ex Machina,"$237,264",2015-04-10,4,"$25,442,958","['Oscar Isaac', 'Alicia Vikander']",['Alex Garland']
294,In the Heart of the Sea,In the Heart of the Sea,"$11,053,366",2015-12-11,"3,103","$25,020,758","['Tom Holland', 'Chris Hemsworth', 'Cillian Murphy', 'Ben Whishaw', 'Brendan Gleeson']",['Ron Howard']
295,The Gallows,The Gallows,"$9,808,463",2015-07-10,"2,720","$22,764,410",,
296,Hitman: Agent 47,Hitman: Agent 47,"$8,326,530",2015-08-21,"3,261","$22,467,450",[],
297,Project Almanac,Project Almanac,"$8,310,252",2015-01-30,"2,893","$22,348,241",,['Dean Israelite']
298,Black or White,Black or White,"$6,213,362",2015-01-30,"1,823","$21,571,189","['Kevin Costner', 'Octavia Spencer', 'Anthony Mackie']",['Mike Binder']
299,Aloha,Aloha,"$9,670,235",2015-05-29,"2,815","$21,067,116","['Bradley Cooper', 'Emma Stone', 'Rachel McAdams', 'Bill Murray', 'Jay Baruchel', 'John Krasinski', 'Alec Baldwin', 'Danny McBride']",['Cameron Crowe']
300,Rogue One: A Star Wars Story,Rogue One: A Star Wars Story,"$155,081,681",2016-12-16,"4,157","$532,177,324","['Felicity Jones', 'Mads Mikkelsen', 'Alan Tudyk', 'Donnie Yen', 'Forest Whitaker', 'Diego Luna', 'Anthony Daniels*']",['Gareth Edwards']
301,Finding Dory,Finding Dory,"$135,060,273",2016-06-17,"4,305","$486,295,561","['Ellen DeGeneres', 'Albert Brooks', 'Ty Burrell*', 'Diane Keaton*', 'Idris Elba*', 'Andrew Stanton*', 'Bob Peterson*', 'Sigourney Weaver*']",['Andrew Stanton']
302,Captain America: Civil War,Captain America: Civil War,"$179,139,142",2016-05-06,"4,226","$408,084,349","['Chris Evans', 'Robert Downey, Jr.', 'Scarlett Johansson', 'Sebastian Stan', 'Anthony Mackie', 'Paul Bettany', 'Jeremy Renner', 'Don Cheadle', 'Elizabeth Olsen', 'Paul Rudd', 'Chadwick Boseman', 'Frank Grillo', 'William Hurt', 'Martin Freeman', 'Tom Holland', 'Marisa Tomei']","['Anthony Russo', 'Joe Russo']"
303,The Secret Life of Pets,The Secret Life of Pets,"$104,352,905",2016-07-08,"4,370","$368,384,330","['Dana Carvey*', 'Kevin Hart']",['Chris Renaud']
304,The Jungle Book (2016),The Jungle Book,"$103,261,464",2016-04-15,"4,028","$364,001,123","['Scarlett Johansson', 'Idris Elba', ""Lupita Nyong'o"", 'Ben Kingsley', 'Christopher Walken', 'Bill Murray']",['Jon Favreau']
305,Deadpool,Deadpool,"$132,434,639",2016-02-12,"3,558","$363,070,709",['Ryan Reynolds'],[]
306,Zootopia,Zootopia,"$75,063,401",2016-03-04,"3,827","$341,268,248","['Ginnifer Goodwin', 'Jason Bateman', 'Idris Elba', 'Octavia Spencer', 'Bonnie Hunt', 'Alan Tudyk']",['Rich Moore']
307,Batman v Superman: Dawn of Justice,Batman v Superman: Dawn of Justice,"$166,007,347",2016-03-25,"4,242","$330,360,194","['Henry Cavill', 'Ben Affleck', 'Gal Gadot', 'Jesse Eisenberg', 'Jeremy Irons', 'Amy Adams', 'Laurence Fishburne', 'Diane Lane', 'Holly Hunter', 'Kevin Costner*']",['Zack Snyder']
308,Suicide Squad,Suicide Squad,"$133,682,248",2016-08-05,"4,255","$325,100,054","['Will Smith', 'Margot Robbie', 'Jared Leto', 'Jai Courtney', 'Cara Delevigne', 'Viola Davis', 'Common', 'Ben Affleck*']",['David Ayer']
309,Sing,Sing,"$35,258,145",2016-12-21,"4,022","$270,395,425","['Matthew McConaughey', 'Reese Witherspoon', 'Seth MacFarlane', 'Scarlett Johansson', 'John C. Reilly', 'Taron Egerton']",['Garth Jennings']
310,Moana,Moana,"$56,631,401",2016-11-23,"3,875","$248,757,044","['Dwayne Johnson', 'Jemaine Clement']",[]
311,Fantastic Beasts and Where To Find Them,Fantastic Beasts and Where To Find Them,"$74,403,387",2016-11-18,"4,144","$234,037,575","['Eddie Redmayne', 'Katherine Waterston', 'Ezra Miller', 'Dan Fogler', 'Colin Farrell', 'Jon Voight', 'Ron Perlman']",['David Yates']
312,Doctor Strange,Doctor Strange,"$85,058,311",2016-11-04,"3,882","$232,641,920","['Benedict Cumberbatch', 'Tilda Swinton', 'Chiwetel Ejiofor', 'Rachel McAdams', 'Mads Mikkelsen']",['Scott Derrickson']
313,Hidden Figures,Hidden Figures,"$515,499",2016-12-25,25,"$169,607,287","['Taraji P. Henson', 'Octavia Spencer', 'Kirsten Dunst', 'Kevin Costner']",['Theodore Melfi']
314,Jason Bourne,Jason Bourne,"$59,215,365",2016-07-29,"4,026","$162,434,410","['Matt Damon', 'Tommy Lee Jones', 'Julia Stiles', 'Alicia Vikander']",['Paul Greengrass']
315,Star Trek Beyond,Star Trek Beyond,"$59,253,211",2016-07-22,"3,928","$158,848,340","['Sofia Boutella', 'Idris Elba', 'Simon Pegg', 'Chris Pine', 'Zoe Saldana', 'Karl Urban', 'Anton Yelchin']",['Justin Lin']
316,X-Men: Apocalypse,X-Men: Apocalypse,"$65,769,562",2016-05-27,"4,150","$155,442,489","['James McAvoy', 'Michael Fassbender', 'Jennifer Lawrence', 'Oscar Isaac', 'Nicholas Hoult', 'Rose Byrne', 'Tye Sheridan', 'Kodi Smit-McPhee', 'Hugh Jackman*']",['Bryan Singer']
317,Trolls,Trolls,"$46,581,142",2016-11-04,"4,060","$153,707,064","['Anna Kendrick', 'Justin Timberlake', 'Russell Brand', 'Zooey Deschanel', 'Christopher Mintz-Plasse', 'Quvenzhane Wallis']",['Mike Mitchell']
318,La La Land,La La Land,"$881,104",2016-12-09,5,"$151,101,803","['Ryan Gosling', 'Emma Stone']",['Damien Chazelle']
319,Kung Fu Panda 3,Kung Fu Panda 3,"$41,282,042",2016-01-29,"3,955","$143,528,619","['Jack Black', 'Jackie Chan', 'Bryan Cranston', 'Dustin Hoffman', 'Kate Hudson', 'Angelina Jolie', 'Lucy Liu', 'Seth Rogen']",['Jennifer Yuh Nelson']
320,Ghostbusters (2016),Ghostbusters,"$46,018,755",2016-07-15,"3,963","$128,350,574","['Sigourney Weaver*', 'Melissa McCarthy', 'Kristen Wiig', 'Michael K. Williams', 'Chris Hemsworth']",['Paul Feig']
321,Central Intelligence,Central Intelligence,"$35,535,250",2016-06-17,"3,508","$127,440,871","['Dwayne Johnson', 'Kevin Hart', 'Amy Ryan']",['Rawson Marshall Thurber']
322,The Legend of Tarzan,The Legend of Tarzan,"$38,527,856",2016-07-01,"3,561","$126,643,061","['Alexander Skarsgård', 'Samuel L. Jackson', 'Margot Robbie', 'Christoph Waltz', 'Djimon Hounsou']",['David Yates']
323,Sully,Sully,"$35,028,301",2016-09-09,"3,525","$125,070,033","['Aaron Eckhart', 'Tom Hanks', 'Laura Linney']",['Clint Eastwood']
324,Bad Moms,Bad Moms,"$23,817,340",2016-07-29,"3,215","$113,257,297","['Mila Kunis', 'Kristen Bell', 'Christina Applegate', 'Jada Pinkett-Smith', 'Clark Duke']","['Jon Lucas', 'Scott Moore']"
325,The Angry Birds Movie,The Angry Birds Movie,"$38,155,177",2016-05-20,"3,932","$107,509,366","['Jason Sudeikis', 'Josh Gad', 'Danny McBride', 'Sean Penn']",[]
326,Independence Day: Resurgence,Independence Day: Resurgence,"$41,039,944",2016-06-24,"4,130","$103,144,286","['Liam Hemsworth', 'Jeff Goldblum', 'Joey King']",['Roland Emmerich']
327,The Conjuring 2,The Conjuring 2,"$40,406,314",2016-06-10,"3,343","$102,470,008","['Vera Farmiga', 'Patrick Wilson']",['James Wan']
328,Arrival,Arrival,"$24,074,047",2016-11-11,"2,317","$100,546,139","['Amy Adams', 'Jeremy Renner', 'Forest Whitaker']",['Denis Villeneuve']
329,Passengers (2016),Passengers,"$14,869,736",2016-12-21,"3,478","$100,014,699","['Jennifer Lawrence', 'Chris Pratt', 'Michael Sheen', 'Laurence Fishburne']",['Morten Tyldum']
330,Sausage Party,Sausage Party,"$34,263,534",2016-08-12,"3,103","$97,685,686","['Seth Rogen', 'Kristen Wiig', 'Salma Hayek', 'Edward Norton', 'Michael Cera', 'James Franco', 'Jonah Hill', 'Paul Rudd', 'Danny McBride']",['Conrad Vernon']
331,The Magnificent Seven (2016),The Magnificent Seven,"$34,703,397",2016-09-23,"3,674","$93,432,655","['Cam Gigandet', 'Ethan Hawke', 'Chris Pratt', 'Peter Sarsgaard', 'Denzel Washington']",['Antoine Fuqua']
332,Ride Along 2,Ride Along 2,"$35,243,095",2016-01-15,"3,175","$91,221,830","['Kevin Hart', 'Ice Cube', 'Benjamin Bratt', 'Tyrese Gibson']",['Tim Story']
333,Don't Breathe,Don't Breathe,"$26,411,706",2016-08-26,"3,051","$89,217,875",[],['Fede Alvarez']
334,Miss Peregrine's Home for Peculiar Children,Miss Peregrine's Home for Peculiar Children,"$28,871,140",2016-09-30,"3,522","$87,242,834","['Eva Green', 'Allison Janney', 'Judi Dench', 'Samuel L. Jackson']",['Tim Burton']
335,The Accountant,The Accountant,"$24,710,273",2016-10-14,"3,332","$86,260,045","['Ben Affleck', 'Anna Kendrick']","[""Gavin O'Connor""]"
336,Teenage Mutant Ninja Turtles: Out of the Shadows,Teenage Mutant Ninja Turtles: Out of the Shadows,"$35,316,382",2016-06-03,"4,071","$82,051,601","['Megan Fox', 'Laura Linney', 'Tyler Perry']",['Dave Green']
337,The Purge: Election Year,The Purge: Election Year,"$31,515,110",2016-07-01,"2,796","$79,213,375",,
338,Alice Through the Looking Glass,Alice Through the Looking Glass,"$26,858,726",2016-05-27,"3,763","$77,041,381","['Johnny Depp', 'Anne Hathaway', 'Mia Wasikowska', 'Helena Bonham Carter', 'Rhys Ifans', 'Alan Rickman', 'Sacha Baron Cohen']",[]
339,Pete's Dragon (2016),Pete's Dragon,"$21,514,095",2016-08-12,"3,702","$76,233,151","['Bryce Dallas Howard', 'Robert Redford', 'Karl Urban']",
340,The Girl on the Train (2016),The Girl on the Train,"$24,536,265",2016-10-07,"3,144","$75,395,035","['Emily Blunt', 'Rebecca Ferguson', 'Luke Evans', 'Allison Janney', 'Edgar Ramirez', 'Lisa Kudrow']",['Tate Taylor']
341,Boo! A Madea Halloween,Boo! A Madea Halloween,"$28,501,448",2016-10-21,"2,260","$73,206,343","['Tyler Perry', 'Bella Thorne']",['Tyler Perry']
342,Storks,Storks,"$21,311,407",2016-09-23,"3,922","$72,679,278","['Andy Samberg', 'Jennifer Aniston', 'Ty Burrell', 'Kelsey Grammer', 'Jordan Peele']",['Nick Stoller']
343,10 Cloverfield Lane,10 Cloverfield Lane,"$24,727,437",2016-03-11,"3,391","$72,082,998","['Mary Elizabeth Winstead', 'John Goodman']",[]
344,Lights Out,Lights Out,"$21,688,103",2016-07-22,"2,818","$67,268,835","['Teresa Palmer', 'Billy Burke', 'Maria Bello']",['David F. Sandberg']
345,Hacksaw Ridge,Hacksaw Ridge,"$15,190,758",2016-11-04,"2,886","$67,209,615","['Andrew Garfield', 'Sam Worthington', 'Luke Bracey', 'Teresa Palmer', 'Hugo Weaving', 'Vince Vaughn']",['Mel Gibson']
346,The Divergent Series: Allegiant,The Divergent Series: Allegiant,"$29,027,348",2016-03-18,"3,740","$66,184,051","['Ansel Elgort', 'Theo James', 'Octavia Spencer', 'Ray Stevenson', 'Miles Teller', 'Naomi Watts', 'Shailene Woodley']",['Robert Schwentke']
347,Now You See Me 2,Now You See Me 2,"$22,383,146",2016-06-10,"3,232","$65,075,540","['Mark Ruffalo', 'Woody Harrelson', 'Jesse Eisenberg', 'Dave Franco', 'Morgan Freeman', 'Michael Caine', 'Daniel Radcliffe']",['Jon Chu']
348,Ice Age: Collision Course,Ice Age: Collision Course,"$21,373,064",2016-07-22,"3,992","$64,063,008","['Adam DeVine', 'John Leguizamo', 'Queen Latifah', 'Simon Pegg', 'Jennifer Lopez']",[]
349,The Boss,The Boss,"$23,586,645",2016-04-08,"3,480","$63,285,885","['Melissa McCarthy', 'Kristen Bell', 'Kathy Bates']",[]
350,London Has Fallen,London Has Fallen,"$21,635,601",2016-03-04,"3,490","$62,678,608","['Angela Bassett', 'Gerard Butler', 'Aaron Eckhart', 'Morgan Freeman', 'Jackie Earle Haley', 'Melissa Leo', 'Radha Mitchell']",
351,Miracles from Heaven,Miracles from Heaven,"$14,812,393",2016-03-16,"3,047","$61,705,123","['Eugenio Derbez', 'Jennifer Garner', 'Queen Latifah']",[]
352,Deepwater Horizon,Deepwater Horizon,"$20,223,544",2016-09-30,"3,259","$61,433,527","['Mark Wahlberg', 'Kurt Russell', 'Gina Rodriguez', 'John Malkovich', 'Kate Hudson', 'Peter Berg']",['Peter Berg']
353,Why Him?,Why Him?,"$11,002,986",2016-12-23,"2,917","$60,323,786","['James Franco', 'Bryan Cranston', 'Cedric the Entertainer']",[]
354,My Big Fat Greek Wedding 2,My Big Fat Greek Wedding 2,"$17,861,950",2016-03-25,"3,133","$59,689,605","['John Corbett', 'Nia Vardalos']",['Kirk Jones']
355,Jack Reacher: Never Go Back,Jack Reacher: Never Go Back,"$22,872,490",2016-10-21,"3,780","$58,697,076",['Tom Cruise'],['Edward Zwick']
356,Fences,Fences,"$129,462",2016-12-16,4,"$57,682,904","['Denzel Washington', 'Viola Davis']",['Denzel Washington']
357,Me Before You,Me Before You,"$18,723,269",2016-06-03,"2,704","$56,245,075",[],
358,The BFG,The BFG,"$18,775,350",2016-07-01,"3,357","$55,483,770","['Mark Rylance', 'Rebecca Hall', 'Jemaine Clement']",['Steven Spielberg']
359,Neighbors 2: Sorority Rising,Neighbors 2: Sorority Rising,"$21,760,405",2016-05-20,"3,384","$55,455,765","['Zac Efron', 'Rose Byrne', 'Seth Rogen', 'Chloe Moretz']",['Nick Stoller']
360,The Shallows,The Shallows,"$16,800,868",2016-06-24,"2,962","$55,124,043",,['Jaume Collet-Serra']
361,Office Christmas Party,Office Christmas Party,"$16,890,204",2016-12-09,"3,210","$54,767,494","['Jennifer Aniston', 'Jason Bateman']","['Josh Gordon', 'Will Speck']"
362,Assassin's Creed,Assassin's Creed,"$10,278,225",2016-12-21,"2,970","$54,647,948","['Michael Fassbender', 'Marion Cotillard', 'Jeremy Irons', 'Brendan Gleeson', 'Michael K. Williams']",[]
363,Barbershop: The Next Cut,Barbershop: The Next Cut,"$20,242,415",2016-04-15,"2,661","$54,030,051","['Ice Cube', 'Cedric the Entertainer', 'Regina Hall', 'Common', 'Nicki Minaj']",['Malcolm D. Lee']
364,13 Hours: The Secret Soldiers of Benghazi,13 Hours: The Secret Soldiers of Benghazi,"$16,194,738",2016-01-15,"2,389","$52,853,219",['John Krasinski'],['Michael Bay']
365,Lion,Lion,"$123,360",2016-11-25,4,"$51,738,905","['Nicole Kidman', 'Rooney Mara', 'Dev Patel']",
366,The Huntsman: Winter's War,The Huntsman: Winter's War,"$19,445,035",2016-04-22,"3,791","$48,390,190","['Chris Hemsworth', 'Charlize Theron', 'Jessica Chastain', 'Emily Blunt', 'Nick Frost', 'Sophie Cookson']",[]
367,Kubo and the Two Strings,Kubo and the Two Strings,"$12,608,372",2016-08-19,"3,260","$48,023,088","['Matthew McConaughey', 'Charlize Theron', 'Rooney Mara', 'Ralph Fiennes']",['Travis Knight']
368,Manchester by the Sea,Manchester by the Sea,"$256,498",2016-11-18,4,"$47,695,371","['Casey Affleck', 'Michelle Williams']",['Kenneth Lonergan']
369,Warcraft,Warcraft,"$24,166,110",2016-06-10,"3,400","$47,365,290","['Ben Foster', 'Paula Patton', 'Dominic Cooper']",['Duncan Jones']
370,How to Be Single,How to Be Single,"$17,878,911",2016-02-12,"3,343","$46,843,513","['Leslie Mann', 'Rebel Wilson']",
371,Mike and Dave Need Wedding Dates,Mike and Dave Need Wedding Dates,"$16,628,170",2016-07-08,"2,982","$46,009,673","['Adam DeVine', 'Zac Efron', 'Anna Kendrick', 'Aubrey Plaza']",
372,War Dogs,War Dogs,"$14,685,305",2016-08-19,"3,258","$43,034,523","['Jonah Hill', 'Miles Teller']",['Todd Phillips']
373,Almost Christmas,Almost Christmas,"$15,134,235",2016-11-11,"2,376","$42,158,780","['Danny Glover', 'Omar Epps', ""Mo'Nique""]",[]
374,Money Monster,Money Monster,"$14,788,157",2016-05-13,"3,104","$41,012,075","['George Clooney', ""Jack O'Connell"", 'Julia Roberts']",['Jodie Foster']
375,Allied,Allied,"$12,701,743",2016-11-23,"3,160","$40,098,064","['Marion Cotillard', 'Brad Pitt']",['Robert Zemeckis']
376,Nerve,Nerve,"$9,445,456",2016-07-27,"2,538","$38,583,626","['Dave Franco', 'Emma Roberts']","['Henry Joost', 'Ariel Schulman']"
377,Risen,Risen,"$11,801,271",2016-02-19,"2,915","$36,880,033",[],['Kevin Reynolds']
378,The Nice Guys,The Nice Guys,"$11,203,270",2016-05-20,"2,865","$36,261,763","['Ryan Gosling', 'Russell Crowe', 'Kim Basinger']",['Shane Black']
379,The Boy (2016),The Boy,"$10,778,392",2016-01-22,"2,671","$35,819,556",,['William Brent Bell']
380,Dirty Grandpa,Dirty Grandpa,"$11,111,875",2016-01-22,"2,912","$35,593,113","['Robert DeNiro', 'Zac Efron', 'Aubrey Plaza', 'Julianne Hough']",
381,Ouija: Origin of Evil,Ouija: Origin of Evil,"$14,065,500",2016-10-21,"3,167","$35,144,505",,['Mike Flanagan']
382,The 5th Wave,The 5th Wave,"$10,326,356",2016-01-22,"2,908","$34,916,787","['Chloe Moretz', 'Ron Livingston', 'Liev Schreiber']",
383,Inferno,Inferno,"$14,860,425",2016-10-28,"3,576","$34,343,574","['Tom Hanks', 'Felicity Jones', 'Irrfan Khan', 'Ben Foster', 'Omar Sy', 'Ben Foster']",['Ron Howard']
384,Mother's Day,Mother's Day,"$8,369,184",2016-04-29,"3,035","$32,492,859","['Jennifer Aniston', 'Kate Hudson', 'Timothy Olyphant', 'Julia Roberts', 'Jason Sudeikis']",['Garry Marshall']
385,Patriots Day,Patriots Day,"$161,306",2016-12-21,7,"$31,886,361","['Mark Wahlberg', 'Michelle Monaghan', 'John Goodman', 'Kevin Bacon']",['Peter Berg']
386,Gods of Egypt,Gods of Egypt,"$14,123,903",2016-02-26,"3,117","$31,153,464","['Gerard Butler', 'Geoffrey Rush']",['Alex Proyas']
387,Collateral Beauty,Collateral Beauty,"$7,102,085",2016-12-16,"3,028","$31,016,021","['Will Smith', 'Helen Mirren', 'Edward Norton', 'Naomie Harris', 'Keira Knightley', 'Kate Winslet']",['David Frankel']
388,"Hail, Caesar!","Hail, Caesar!","$11,355,225",2016-02-05,"2,232","$30,498,085","['Josh Brolin', 'George Clooney', 'Ralph Fiennes', 'Tilda Swinton', 'Channing Tatum', 'Scarlett Johansson', 'Jonah Hill', 'Frances McDormand']","['Ethan Coen', 'Joel Coen']"
389,When the Bough Breaks,When the Bough Breaks,"$14,202,323",2016-09-09,"2,246","$29,747,603","['Morris Chestnut', 'Regina Hall']",
390,Zoolander 2,Zoolander 2,"$13,841,146",2016-02-12,"3,394","$28,848,693","['Penelope Cruz', 'Will Ferrell', 'Ben Stiller', 'Kristen Wiig', 'Owen Wilson']",['Ben Stiller']
391,Moonlight (2016),Moonlight,"$402,075",2016-10-21,4,"$27,854,932",['Naomie Harris'],
392,The Finest Hours,The Finest Hours,"$10,288,932",2016-01-29,"3,143","$27,569,558","['Kyle Gallner', 'Chris Pine', 'Casey Affleck']",['Craig Gillespie']
393,Florence Foster Jenkins,Florence Foster Jenkins,"$6,601,313",2016-08-12,"1,528","$27,383,770","['Rebecca Ferguson', 'Hugh Grant', 'Meryl Streep']",['Stephen Frears']
394,Hell or High Water,Hell or High Water,"$621,329",2016-08-12,32,"$27,007,844","['Jeff Bridges', 'Chris Pine', 'Ben Foster']",
395,The Forest,The Forest,"$12,741,176",2016-01-08,"2,451","$26,594,261",,
396,Ben-Hur (2016),Ben-Hur,"$11,203,815",2016-08-19,"3,084","$26,410,477","['Rodrigo Santoro', 'Morgan Freeman']",['Timur Bekmambetov']
397,The Witch,The Witch,"$8,800,230",2016-02-19,"2,046","$25,138,705",,
398,Bridget Jones's Baby,Bridget Jones's Baby,"$8,571,785",2016-09-16,"2,927","$24,252,420","['Colin Firth', 'Renee Zellweger']",['Sharon Maguire']
399,Kevin Hart: What Now?,Kevin Hart: What Now?,"$11,767,210",2016-10-14,"2,567","$23,591,043",,
400,Star Wars: The Last Jedi,Star Wars: The Last Jedi,"$220,009,584",2017-12-15,"4,232","$620,181,382","['Mark Hamill', 'Carrie Fisher', 'Daisy Ridley', 'John Boyega', 'Oscar Isaac', ""Lupita Nyong'o"", 'Andy Serkis', 'Anthony Daniels', 'Benicio Del Toro']",['Rian Johnson']
401,Beauty and the Beast (2017),Beauty and the Beast,"$174,750,616",2017-03-17,"4,210","$504,014,165","['Emma Watson', 'Luke Evans', 'Emma Thompson', 'Kevin Kline', 'Dan Stevens', 'Ewan McGregor', 'Stanley Tucci', 'Ian McKellen', 'Josh Gad']",['Bill Condon']
402,Wonder Woman,Wonder Woman,"$103,251,471",2017-06-02,"4,165","$412,563,408","['Gal Gadot', 'Chris Pine', 'Robin Wright', 'Ewen Bremner']",['Patty Jenkins']
403,Jumanji: Welcome to the Jungle,Jumanji: Welcome to the Jungle,"$36,169,328",2017-12-20,"3,765","$404,134,301","['Dwayne Johnson', 'Jack Black', 'Kevin Hart', 'Karen Gillan', 'Nick Jonas']",['Jake Kasdan']
404,Guardians of the Galaxy Vol. 2,Guardians of the Galaxy Vol. 2,"$146,510,104",2017-05-05,"4,347","$389,813,101","['Michael Rooker', 'Chris Pratt', 'Zoe Saldana', 'Dave Bautista', 'Vin Diesel', 'Bradley Cooper', 'Karen Gillan', 'Elizabeth Debicki', 'Kurt Russell', 'Sylvester Stallone']",['James Gunn']
405,Spider-Man: Homecoming,Spider-Man: Homecoming,"$117,027,503",2017-07-07,"4,348","$334,201,140","['Tom Holland', 'Marisa Tomei', 'Robert Downey, Jr.', 'Michael Keaton', 'Jon Favreau']",[]
406,It,It,"$123,403,419",2017-09-08,"4,103","$327,481,748",[],['Andres Muschietti']
407,Thor: Ragnarok,Thor: Ragnarok,"$122,744,989",2017-11-03,"4,080","$315,058,289","['Chris Hemsworth', 'Mark Ruffalo', 'Cate Blanchett', 'Jeff Goldblum', 'Tessa Thompson', 'Karl Urban', 'Anthony Hopkins', 'Tom Hiddleston', 'Idris Elba', 'Benedict Cumberbatch']",['Taika Waititi']
408,Despicable Me 3,Despicable Me 3,"$72,434,025",2017-06-30,"4,529","$264,624,300","['Steve Carell', 'Trey Parker', 'Kristen Wiig', 'Steve Coogan', 'Julie Andrews']",['Pierre Coffin']
409,Justice League,Justice League,"$93,842,239",2017-11-17,"4,051","$229,024,295","['Ben Affleck', 'Henry Cavill', 'Gal Gadot', 'Jason Momoa', 'Ezra Miller', 'Amy Adams', 'Amber Heard', 'Jeremy Irons', 'Diane Lane', 'Billy Crudup']",['Zack Snyder']
410,Logan,Logan,"$88,411,916",2017-03-03,"4,071","$226,277,068","['Hugh Jackman', 'Patrick Stewart', 'Boyd Holbrook']",['James Mangold']
411,The Fate of the Furious,The Fate of the Furious,"$98,786,705",2017-04-14,"4,310","$226,008,385","['Vin Diesel', 'Dwayne Johnson', 'Tyrese Gibson', 'Charlize Theron', 'Michelle Rodriguez', 'Helen Mirren', ""Chris 'Ludacris' Bridges"", 'Jason Statham', 'Kristofer Hivju', 'Kurt Russell']",['F. Gary Gray']
412,Coco,Coco,"$50,802,605",2017-11-22,"3,987","$209,718,774","['Gael Garcia Bernal', 'Benjamin Bratt']",['Lee Unkrich']
413,Dunkirk,Dunkirk,"$50,513,488",2017-07-21,"3,720","$188,045,546","['Mark Rylance', 'Kenneth Branagh', 'Tom Hardy', 'Cillian Murphy']",['Christopher Nolan']
414,Get Out,Get Out,"$33,377,060",2017-02-24,"2,781","$176,040,665",[],['Jordan Peele']
415,The LEGO Batman Movie,The LEGO Batman Movie,"$53,003,468",2017-02-10,"4,088","$175,750,384","['Michael Cera', 'Rosario Dawson', 'Ralph Fiennes', 'Zach Galifianakis']",
416,The Boss Baby,The Boss Baby,"$50,198,902",2017-03-31,"3,773","$175,003,033","['Alec Baldwin', 'Lisa Kudrow']",['Tom McGrath']
417,The Greatest Showman,The Greatest Showman,"$8,805,843",2017-12-20,"3,006","$173,524,478","['Hugh Jackman', 'Michelle Williams', 'Zac Efron', 'Rebecca Ferguson']",
418,Pirates of the Caribbean: Dead Men Tell No Tales,Pirates of the Caribbean: Dead Men Tell No Tales,"$62,983,253",2017-05-26,"4,276","$172,558,876","['Johnny Depp', 'Javier Bardem', 'Brenton Thwaites', 'Geoffrey Rush', 'Orlando Bloom']","['Joachim Ronning', 'Espen Sandberg']"
419,Kong: Skull Island,Kong: Skull Island,"$61,025,472",2017-03-10,"3,846","$168,052,812","['Tom Hiddleston', 'Brie Larson', 'Samuel L. Jackson', 'John Goodman', 'John C. Reilly', 'Thomas Mann']",['Jordan Vogt-Roberts']
420,Cars 3,Cars 3,"$53,688,680",2017-06-16,"4,256","$152,901,115","['Owen Wilson', 'Chris Cooper', 'Larry the Cable Guy', 'Armie Hammer', 'Bonnie Hunt']",
421,War for the Planet of the Apes,War for the Planet of the Apes,"$56,262,929",2017-07-14,"4,022","$146,880,162","['Andy Serkis', 'Woody Harrelson']",['Matt Reeves']
422,Split,Split,"$40,010,975",2017-01-20,"3,038","$138,291,365",['James McAvoy'],['M. Night Shyamalan']
423,Wonder,Wonder,"$27,547,866",2017-11-17,"3,096","$132,422,809","['Julia Roberts', 'Owen Wilson']",['Stephen Chbosky']
424,Transformers: The Last Knight,Transformers: The Last Knight,"$44,680,073",2017-06-21,"4,069","$130,168,683","['Mark Wahlberg', 'Anthony Hopkins', 'Josh Duhamel', 'Stanley Tucci', 'Omar Sy', 'John Goodman']",['Michael Bay']
425,Girls Trip,Girls Trip,"$31,201,920",2017-07-21,"2,591","$115,171,585","['Jada Pinkett-Smith', 'Queen Latifah', 'Regina Hall', 'Tiffany Haddish']",['Malcolm D. Lee']
426,Fifty Shades Darker,Fifty Shades Darker,"$46,607,250",2017-02-10,"3,710","$114,581,250",['Kim Basinger'],['James Foley']
427,Baby Driver,Baby Driver,"$20,553,320",2017-06-28,"3,226","$107,825,862","['Ansel Elgort', 'Jon Hamm', 'Kevin Spacey', 'Jamie Foxx']",['Edgar Wright']
428,Pitch Perfect 3,Pitch Perfect 3,"$19,928,525",2017-12-22,"3,447","$104,897,530","['Anna Kendrick', 'Rebel Wilson']",
429,Daddy's Home 2,Daddy's Home 2,"$29,651,193",2017-11-10,"3,575","$104,029,443","['Mark Wahlberg', 'Will Ferrell', 'Mel Gibson', 'John Cena']",['Sean Anders']
430,Murder on the Orient Express (2017),Murder on the Orient Express,"$28,681,472",2017-11-10,"3,341","$102,826,543","['Kenneth Branagh', 'Johnny Depp', 'Michelle Pfeiffer', 'Daisy Ridley', 'Judi Dench', 'Penelope Cruz', 'Willem Dafoe', 'Josh Gad']",['Kenneth Branagh']
431,Annabelle: Creation,Annabelle: Creation,"$35,006,404",2017-08-11,"3,502","$102,092,201",[],['David F. Sandberg']
432,Kingsman: The Golden Circle,Kingsman: The Golden Circle,"$39,023,010",2017-09-22,"4,003","$100,234,838","['Taron Egerton', 'Sophie Cookson', 'Channing Tatum', 'Halle Berry', 'Colin Firth', 'Julianne Moore', 'Mark Strong', 'Jeff Bridges']",['Matthew Vaughn']
433,Blade Runner 2049,Blade Runner 2049,"$32,753,122",2017-10-06,"4,058","$92,054,159","['Ryan Gosling', 'Harrison Ford', 'Robin Wright', 'Jared Leto', 'Dave Bautista']",['Denis Villeneuve']
434,John Wick: Chapter Two,John Wick: Chapter Two,"$30,436,123",2017-02-10,"3,113","$92,029,184","['Common', 'Laurence Fishburne', 'John Leguizamo', 'Bridget Moynahan', 'Keanu Reeves']",['Chad Stahelski']
435,The Emoji Movie,The Emoji Movie,"$24,531,923",2017-07-28,"4,075","$86,089,513","['Jennifer Coolidge', 'Patrick Stewart']",
436,Power Rangers (2017),Power Rangers,"$40,300,288",2017-03-24,"3,693","$85,364,450","['Elizabeth Banks', 'Bryan Cranston']",['Dean Israelite']
437,Ferdinand,Ferdinand,"$13,401,586",2017-12-15,"3,621","$84,322,735","['John Cena', 'Gina Rodriguez', 'Boris Kodjoe', 'Carlos Saldanha']",['Carlos Saldanha']
438,The Post,The Post,"$526,011",2017-12-22,9,"$81,866,835","['Tom Hanks', 'Meryl Streep', 'Sarah Paulson', 'Jesse Plemons', 'Tracy Letts']",['Steven Spielberg']
439,The Mummy (2017),The Mummy,"$31,688,375",2017-06-09,"4,035","$80,227,895","['Tom Cruise', 'Sofia Boutella', 'Russell Crowe']",['Alex Kurtzman']
440,The Hitman's Bodyguard,The Hitman's Bodyguard,"$21,384,504",2017-08-18,"3,377","$75,468,583","['Ryan Reynolds', 'Samuel L. Jackson', 'Salma Hayek', 'Gary Oldman']",['Patrick Hughes']
441,Alien: Covenant,Alien: Covenant,"$36,160,621",2017-05-19,"3,761","$74,262,031","['Michael Fassbender', 'Katherine Waterston', 'Danny McBride', 'Billy Crudup']",['Ridley Scott']
442,Captain Underpants: The First Epic Movie,Captain Underpants: The First Epic Movie,"$23,851,539",2017-06-02,"3,434","$73,921,000","['Kevin Hart', 'Ed Helms', 'Jordan Peele']",['David Soren']
443,A Bad Moms Christmas,A Bad Moms Christmas,"$16,759,161",2017-11-01,"3,615","$72,110,659","['Mila Kunis', 'Kristen Bell', 'Susan Sarandon']","['Jon Lucas', 'Scott Moore']"
444,A Dog's Purpose,A Dog's Purpose,"$18,222,810",2017-01-27,"3,059","$64,508,620",['Dennis Quaid'],['Lasse Hallstrom']
445,The Shape of Water,The Shape of Water,"$166,564",2017-12-01,2,"$63,842,519","['Sally Hawkins', 'Michael Shannon', 'Octavia Spencer']",['Guillermo del Toro']
446,The LEGO Ninjago Movie,The LEGO Ninjago Movie,"$20,433,071",2017-09-22,"4,047","$59,281,555","['Jackie Chan', 'Dave Franco']",
447,Baywatch,Baywatch,"$18,503,871",2017-05-25,"3,647","$58,060,186","['Zac Efron', 'Dwayne Johnson']",['Seth Gordon']
448,The Shack,The Shack,"$16,172,119",2017-03-03,"2,888","$57,386,418","['Radha Mitchell', 'Octavia Spencer', 'Sam Worthington']",
449,Darkest Hour,Darkest Hour,"$175,006",2017-11-22,4,"$56,443,120",['Gary Oldman'],['Joe Wright']
450,Happy Death Day,Happy Death Day,"$26,039,025",2017-10-13,"3,149","$55,683,845",,['Christopher B. Landon']
451,"Three Billboards Outside Ebbing, Missouri","Three Billboards Outside Ebbing, Missouri","$322,168",2017-11-10,4,"$54,492,082","['Woody Harrelson', 'Sam Rockwell', 'Abbie Cornish', 'Frances McDormand']",[]
452,Atomic Blonde,Atomic Blonde,"$18,286,420",2017-07-28,"3,304","$51,687,870","['Charlize Theron', 'James McAvoy', 'John Goodman', 'Sofia Boutella']",['David Leitch']
453,American Made,American Made,"$16,776,390",2017-09-29,"3,024","$51,342,000","['Tom Cruise', 'Jesse Plemons']",['Doug Liman']
454,The Dark Tower,The Dark Tower,"$19,153,698",2017-08-04,"3,451","$50,701,325","['Matthew McConaughey', 'Idris Elba']",[]
455,Lady Bird,Lady Bird,"$364,437",2017-11-03,4,"$48,958,273","['Saoirse Ronan', 'Tracy Letts']",['Greta Gerwig']
456,Tyler Perry's Boo 2! A Madea Halloween,Tyler Perry's Boo 2! A Madea Halloween,"$21,226,953",2017-10-20,"2,388","$47,319,572",,['Tyler Perry']
457,Snatched,Snatched,"$19,542,248",2017-05-12,"3,501","$45,852,178",,['Jonathan Levine']
458,The Great Wall,The Great Wall,"$18,469,620",2017-02-17,"3,326","$45,540,830","['Willem Dafoe', 'Matt Damon']",['Zhang Yimou']
459,Smurfs: The Lost Village,Smurfs: The Lost Village,"$13,210,449",2017-04-07,"3,610","$45,020,282","['Julia Roberts', 'Michelle Rodriguez']",['Kelly Asbury']
460,Going in Style (2017),Going in Style,"$11,932,330",2017-04-07,"3,061","$45,018,541","['Michael Caine', 'Matt Dillon', 'Morgan Freeman', 'Joey King']",['Zach Braff']
461,All Eyez on Me,All Eyez on Me,"$26,435,354",2017-06-16,"2,471","$44,922,302",,[]
462,xXx: The Return of Xander Cage,xXx: The Return of Xander Cage,"$20,130,142",2017-01-20,"3,651","$44,898,413","['Vin Diesel', 'Donnie Yen', 'Samuel L. Jackson', 'Toni Collette', 'Tony Jaa', 'Ice Cube']",['D.J. Caruso']
463,47 Meters Down,47 Meters Down,"$11,205,561",2017-06-16,"2,270","$44,307,192",['Mandy Moore'],[]
464,The Big Sick,The Big Sick,"$421,577",2017-06-23,5,"$42,873,127","['Holly Hunter', 'Zoe Kazan']",[]
465,Valerian and the City of a Thousand Planets,Valerian and the City of a Thousand Planets,"$17,007,624",2017-07-21,"3,553","$41,189,488","['Cara Delevigne', 'Dane DeHaan', 'Clive Owen', 'Rihanna', 'Ethan Hawke', 'Rutger Hauer']",['Luc Besson']
466,The Star,The Star,"$9,812,674",2017-11-17,"2,837","$40,852,824","['Tracy Morgan', 'Tyler Perry', 'Christopher Plummer', 'Gina Rodriguez', 'Oprah Winfrey']",[]
467,Ghost in the Shell (2017),Ghost in the Shell,"$18,676,033",2017-03-31,"3,440","$40,563,557",['Scarlett Johansson'],['Rupert Sanders']
468,King Arthur: Legend of the Sword,King Arthur: Legend of the Sword,"$15,371,270",2017-05-12,"3,702","$39,175,066","['Jude Law', 'Djimon Hounsou', 'Eric Bana']",['Guy Ritchie']
469,Jigsaw,Jigsaw,"$16,640,452",2017-10-27,"2,941","$38,052,832",,[]
470,American Assassin,American Assassin,"$14,846,778",2017-09-15,"3,154","$36,249,674","['Michael Keaton', 'Taylor Kitsch', 'Sanaa Lathan']",['Michael Cuesta']
471,The Foreigner,The Foreigner,"$13,113,024",2017-10-13,"2,515","$34,393,507","['Jackie Chan', 'Pierce Brosnan']",['Martin Campbell']
472,"Everything, Everything","Everything, Everything","$11,727,390",2017-05-19,"2,801","$34,121,140",,
473,Wind River,Wind River,"$161,558",2017-08-04,4,"$33,800,859","['Jeremy Renner', 'Elizabeth Olsen']",[]
474,Geostorm,Geostorm,"$13,707,376",2017-10-20,"3,246","$33,700,160",,['Dean Devlin']
475,Monster Trucks,Monster Trucks,"$10,950,705",2017-01-13,"3,119","$33,370,166","['Rob Lowe', 'Danny Glover', 'Amy Ryan']",['Chris Wedge']
476,Fist Fight,Fist Fight,"$12,201,873",2017-02-17,"3,185","$32,187,017","['Ice Cube', 'Charlie Day', 'Tracy Morgan', 'Dean Norris']",[]
477,How to be a Latin Lover,How to be a Latin Lover,"$12,252,439",2017-04-28,"1,118","$32,149,404","['Eugenio Derbez', 'Salma Hayek', 'Rob Lowe', 'Kristen Bell']",[]
478,Kidnap (2017),Kidnap,"$10,016,323",2017-08-04,"2,378","$30,718,107",,
479,Underworld: Blood Wars,Underworld: Blood Wars,"$13,688,751",2017-01-06,"3,070","$30,353,973","['Kate Beckinsale', 'Theo James']",[]
480,The Mountain Between Us,The Mountain Between Us,"$10,551,336",2017-10-06,"3,088","$30,348,555","['Idris Elba', 'Kate Winslet']",
481,Life (2017),Life,"$12,501,936",2017-03-24,"3,146","$30,234,022","['Rebecca Ferguson', 'Jake Gyllenhaal', 'Ryan Reynolds']",['Daniel Espinosa']
482,"I, Tonya","I, Tonya","$264,155",2017-12-08,4,"$30,014,539","['Margot Robbie', 'Allison Janney', 'Sebastian Stan']",['Craig Gillespie']
483,Hostiles,Hostiles,"$22,849",2017-12-22,3,"$29,814,750","['Christian Bale', 'Rosamund Pike', 'Ben Foster']",['Scott Cooper']
484,Molly's Game,Molly's Game,"$2,349,967",2017-12-25,271,"$28,780,744","['Jessica Chastain', 'Idris Elba', 'Kevin Costner', 'Michael Cera']",['Aaron Sorkin']
485,The Nut Job 2: Nutty by Nature,The Nut Job 2: Nutty by Nature,"$8,342,311",2017-08-11,"4,003","$28,370,522","['Katherine Heigl', 'Jackie Chan']",['Cal Brunker']
486,Rings,Rings,"$13,002,632",2017-02-03,"2,931","$27,793,018",,[]
487,Logan Lucky,Logan Lucky,"$7,600,036",2017-08-18,"3,031","$27,780,977","['Daniel Craig', 'Channing Tatum', 'Katherine Waterston', 'Sebastian Stan', 'Hilary Swank', 'Seth MacFarlane', 'Katie Holmes']",['Steven Soderbergh']
488,Home Again,Home Again,"$8,567,881",2017-09-08,"2,940","$27,020,284","['Reese Witherspoon', 'Michael Sheen', 'Lake Bell']",
489,Resident Evil: The Final Chapter,Resident Evil: The Final Chapter,"$13,601,682",2017-01-27,"3,104","$26,830,068",,['Paul W.S. Anderson']
490,The House,The House,"$8,724,795",2017-06-30,"3,134","$25,584,504",['Will Ferrell'],['Andrew J. Cohen']
491,All the Money in the World,All the Money in the World,"$5,584,684",2017-12-25,"2,074","$25,113,707","['Michelle Williams', 'Christopher Plummer', 'Mark Wahlberg']",['Ridley Scott']
492,Gifted,Gifted,"$446,380",2017-04-07,56,"$24,801,212","['Chris Evans', 'Octavia Spencer']",['Marc Webb']
493,Downsizing,Downsizing,"$4,954,287",2017-12-22,"2,668","$24,449,754","['Matt Damon', 'Kristen Wiig', 'Neil Patrick Harris', 'Christoph Waltz', 'Jason Sudeikis']",['Alexander Payne']
494,The Bye Bye Man,The Bye Bye Man,"$13,501,349",2017-01-13,"2,220","$22,395,806","['Carrie-Anne Moss', 'Leigh Whannell']",[]
495,Victoria and Abdul,Victoria and Abdul,"$158,845",2017-09-22,4,"$22,245,070",['Judi Dench'],['Stephen Frears']
496,Rough Night,Rough Night,"$8,004,283",2017-06-16,"3,162","$22,105,643",['Scarlett Johansson'],
497,My Little Pony: The Movie,My Little Pony: The Movie,"$8,885,899",2017-10-06,"2,528","$21,885,107",['Emily Blunt'],[]
498,Leap!,Leap!,"$4,730,038",2017-08-25,"2,575","$21,858,070",['Elle Fanning'],
499,The Disaster Artist,The Disaster Artist,"$1,211,345",2017-12-01,19,"$21,120,616","['James Franco', 'Seth Rogen', 'Dave Franco', 'Josh Hutcherson', 'Bryan Cranston', 'Sharon Stone', 'Adam Scott', 'Kristen Bell', 'Zac Efron']",['James Franco']
