,movie_name,movie,opening,date_time,release_date,theaters,tot_gross
0,The Hunger Games: Catching Fire,The Hunger Games: Catching Fire,"$158,074,286",2013-11-22,11/22/2013,"4,163","$424,668,047"
1,Iron Man 3,Iron Man 3,"$174,144,585",2013-05-03,5/3/2013,"4,253","$409,013,994"
2,Frozen,Frozen,"$243,390",2013-11-22,11/22/2013,1,"$400,738,009"
3,Despicable Me 2,Despicable Me 2,"$83,517,315",2013-07-03,7/3/2013,"3,997","$368,061,265"
4,Man of Steel,Man of Steel,"$116,619,362",2013-06-14,6/14/2013,"4,207","$291,045,518"
5,Gravity,Gravity,"$55,785,112",2013-10-04,10/4/2013,"3,575","$274,092,705"
6,Monsters University,Monsters University,"$82,429,469",2013-06-21,6/21/2013,"4,004","$268,492,764"
7,The Hobbit: The Desolation of Smaug,The Hobbit: The Desolation of Smaug,"$73,645,197",2013-12-13,12/13/2013,"3,903","$258,366,855"
8,Fast & Furious 6,Fast & Furious 6,"$97,375,245",2013-05-24,5/24/2013,"3,658","$238,679,850"
9,Oz The Great and Powerful,Oz The Great and Powerful,"$79,110,453",2013-03-08,3/8/2013,"3,912","$234,911,825"
10,Star Trek Into Darkness,Star Trek Into Darkness,"$70,165,559",2013-05-16,5/16/2013,"3,868","$228,778,661"
11,Thor: The Dark World,Thor: The Dark World,"$85,737,841",2013-11-08,11/8/2013,"3,841","$206,362,140"
12,World War Z,World War Z,"$66,411,834",2013-06-21,6/21/2013,"3,607","$202,359,711"
13,The Croods,The Croods,"$43,639,736",2013-03-22,3/22/2013,"4,046","$187,168,425"
14,The Heat,The Heat,"$39,115,043",2013-06-28,6/28/2013,"3,181","$159,582,188"
15,We're the Millers,We're the Millers,"$26,419,396",2013-08-07,8/7/2013,"3,260","$150,394,119"
16,American Hustle,American Hustle,"$740,455",2013-12-13,12/13/2013,6,"$150,117,807"
17,The Great Gatsby (2013),The Great Gatsby,"$50,085,185",2013-05-10,5/10/2013,"3,535","$144,840,419"
18,The Conjuring,The Conjuring,"$41,855,326",2013-07-19,7/19/2013,"2,903","$137,400,141"
19,Identity Thief,Identity Thief,"$34,551,025",2013-02-08,2/8/2013,"3,141","$134,506,920"
20,Grown Ups 2,Grown Ups 2,"$41,508,572",2013-07-12,7/12/2013,"3,491","$133,668,525"
21,The Wolverine,The Wolverine,"$53,113,752",2013-07-26,7/26/2013,"3,924","$132,556,852"
22,Anchorman 2: The Legend Continues,Anchorman 2: The Legend Continues,"$26,232,425",2013-12-18,12/18/2013,"3,507","$125,168,368"
23,Lone Survivor,Lone Survivor,"$90,872",2013-12-25,12/25/2013,2,"$125,095,601"
24,G.I. Joe: Retaliation,G.I. Joe: Retaliation,"$40,501,814",2013-03-28,3/28/2013,"3,719","$122,523,060"
25,Cloudy with a Chance of Meatballs 2,Cloudy with a Chance of Meatballs 2,"$34,017,930",2013-09-27,9/27/2013,"4,001","$119,793,567"
26,Now You See Me,Now You See Me,"$29,350,389",2013-05-31,5/31/2013,"2,925","$117,723,989"
27,The Wolf of Wall Street,The Wolf of Wall Street,"$18,361,578",2013-12-25,12/25/2013,"2,537","$116,900,694"
28,Lee Daniels' The Butler,Lee Daniels' The Butler,"$24,637,312",2013-08-16,8/16/2013,"2,933","$116,632,095"
29,The Hangover Part III,The Hangover Part III,"$41,671,198",2013-05-23,5/23/2013,"3,555","$112,200,072"
30,Epic,Epic,"$33,531,068",2013-05-24,5/24/2013,"3,882","$107,518,682"
31,Captain Phillips,Captain Phillips,"$25,718,314",2013-10-11,10/11/2013,"3,020","$107,100,855"
32,Jackass Presents: Bad Grandpa,Jackass Presents: Bad Grandpa,"$32,055,177",2013-10-25,10/25/2013,"3,336","$102,003,019"
33,Pacific Rim,Pacific Rim,"$37,285,325",2013-07-12,7/12/2013,"3,275","$101,802,906"
34,This is the End,This is the End,"$20,719,162",2013-06-12,6/12/2013,"3,055","$101,470,202"
35,Olympus Has Fallen,Olympus Has Fallen,"$30,373,794",2013-03-22,3/22/2013,"3,098","$98,925,640"
36,42,42,"$27,487,144",2013-04-12,4/12/2013,"3,003","$95,020,213"
37,Elysium,Elysium,"$29,807,393",2013-08-09,8/9/2013,"3,284","$93,050,117"
38,Planes,Planes,"$22,232,291",2013-08-09,8/9/2013,"3,702","$90,288,712"
39,The Lone Ranger,The Lone Ranger,"$29,210,849",2013-07-03,7/3/2013,"3,904","$89,302,115"
40,Oblivion,Oblivion,"$37,054,485",2013-04-19,4/19/2013,"3,783","$89,107,235"
41,Insidious Chapter 2,Insidious Chapter 2,"$40,272,103",2013-09-13,9/13/2013,"3,049","$83,586,447"
42,Saving Mr. Banks,Saving Mr. Banks,"$413,373",2013-12-13,12/13/2013,15,"$83,301,580"
43,Turbo,Turbo,"$21,312,625",2013-07-17,7/17/2013,"3,806","$83,028,128"
44,2 Guns,2 Guns,"$27,059,130",2013-08-02,8/2/2013,"3,025","$75,612,460"
45,White House Down,White House Down,"$24,852,258",2013-06-28,6/28/2013,"3,222","$73,103,784"
46,Mama,Mama,"$28,402,310",2013-01-18,1/18/2013,"2,647","$71,628,180"
47,Safe Haven,Safe Haven,"$21,401,594",2013-02-14,2/14/2013,"3,223","$71,349,120"
48,The Smurfs 2,The Smurfs 2,"$17,548,389",2013-07-31,7/31/2013,"3,866","$71,017,784"
49,The Best Man Holiday,The Best Man Holiday,"$30,107,555",2013-11-15,11/15/2013,"2,024","$70,525,195"
50,Percy Jackson: Sea of Monsters,Percy Jackson: Sea of Monsters,"$14,401,054",2013-08-07,8/7/2013,"3,031","$68,559,554"
51,A Good Day to Die Hard,A Good Day to Die Hard,"$24,834,845",2013-02-14,2/14/2013,"3,553","$67,349,198"
52,Warm Bodies,Warm Bodies,"$20,353,967",2013-02-01,2/1/2013,"3,009","$66,380,662"
53,Jack the Giant Slayer,Jack the Giant Slayer,"$27,202,226",2013-03-01,3/1/2013,"3,525","$65,187,603"
54,The Purge,The Purge,"$34,058,360",2013-06-07,6/7/2013,"2,536","$64,473,115"
55,Last Vegas,Last Vegas,"$16,334,566",2013-11-01,11/1/2013,"3,065","$63,914,167"
56,Ender's Game,Ender's Game,"$27,017,351",2013-11-01,11/1/2013,"3,407","$61,737,191"
57,Prisoners,Prisoners,"$20,817,053",2013-09-20,9/20/2013,"3,260","$61,002,302"
58,After Earth,After Earth,"$27,520,040",2013-05-31,5/31/2013,"3,401","$60,522,097"
59,The Secret Life of Walter Mitty,The Secret Life of Walter Mitty,"$12,765,508",2013-12-25,12/25/2013,"2,909","$58,236,838"
60,Escape From Planet Earth,Escape From Planet Earth,"$15,891,055",2013-02-15,2/15/2013,"3,288","$57,012,977"
61,12 Years a Slave,12 Years a Slave,"$923,715",2013-10-18,10/18/2013,19,"$56,671,993"
62,Free Birds,Free Birds,"$15,805,237",2013-11-01,11/1/2013,"3,736","$55,750,480"
63,Hansel and Gretel: Witch Hunters,Hansel and Gretel: Witch Hunters,"$19,690,956",2013-01-25,1/25/2013,"3,372","$55,703,475"
64,Evil Dead (2013),Evil Dead,"$25,775,847",2013-04-05,4/5/2013,"3,025","$54,239,856"
65,Red 2,Red 2,"$18,048,422",2013-07-19,7/19/2013,"3,016","$53,262,560"
66,Tyler Perry's A Madea Christmas,Tyler Perry's A Madea Christmas,"$16,007,634",2013-12-13,12/13/2013,"2,194","$52,543,354"
67,Tyler Perry's Temptation: Confessions of a Marriage Counselor,Tyler Perry's Temptation: Confessions of a Marriage Counselor,"$21,641,679",2013-03-29,3/29/2013,"2,047","$51,975,354"
68,The Call,The Call,"$17,118,745",2013-03-15,3/15/2013,"2,507","$51,872,378"
69,Pain and Gain,Pain and Gain,"$20,244,505",2013-04-26,4/26/2013,"3,277","$49,875,291"
70,Gangster Squad,Gangster Squad,"$17,070,347",2013-01-11,1/11/2013,"3,103","$46,000,903"
71,Jurassic Park 3D,Jurassic Park 3D,"$18,620,145",2013-04-05,4/5/2013,"2,771","$45,385,935"
72,The Internship,The Internship,"$17,325,307",2013-06-07,6/7/2013,"3,366","$44,672,764"
73,Instructions Not Included,Instructions Not Included,"$7,846,426",2013-08-30,8/30/2013,348,"$44,467,206"
74,Snitch,Snitch,"$13,167,607",2013-02-22,2/22/2013,"2,511","$42,930,462"
75,Riddick,Riddick,"$19,030,375",2013-09-06,9/6/2013,"3,107","$42,025,135"
76,A Haunted House,A Haunted House,"$18,101,682",2013-01-11,1/11/2013,"2,160","$40,041,683"
77,47 Ronin,47 Ronin,"$9,910,310",2013-12-25,12/25/2013,"2,689","$38,362,475"
78,August: Osage County,August: Osage County,"$179,302",2013-12-27,12/27/2013,5,"$37,738,810"
79,Philomena,Philomena,"$128,435",2013-11-22,11/22/2013,4,"$37,709,979"
80,The Family (2013),The Family,"$14,034,764",2013-09-13,9/13/2013,"3,091","$36,918,811"
81,Walking with Dinosaurs,Walking with Dinosaurs,"$7,091,938",2013-12-20,12/20/2013,"3,231","$36,076,121"
82,Carrie (2013),Carrie,"$16,101,552",2013-10-18,10/18/2013,"3,157","$35,266,619"
83,Texas Chainsaw 3D,Texas Chainsaw 3D,"$21,744,470",2013-01-04,1/4/2013,"2,654","$34,341,945"
84,R.I.P.D.,R.I.P.D.,"$12,691,415",2013-07-19,7/19/2013,"2,852","$33,618,855"
85,Blue Jasmine,Blue Jasmine,"$612,064",2013-07-26,7/26/2013,6,"$33,405,481"
86,Kevin Hart: Let Me Explain,Kevin Hart: Let Me Explain,"$10,030,463",2013-07-03,7/3/2013,876,"$32,244,051"
87,Side Effects (2013),Side Effects,"$9,303,145",2013-02-08,2/8/2013,"2,605","$32,172,757"
88,Scary Movie 5,Scary Movie 5,"$14,157,367",2013-04-12,4/12/2013,"3,402","$32,015,787"
89,The Mortal Instruments: City of Bones,The Mortal Instruments: City of Bones,"$9,336,957",2013-08-21,8/21/2013,"3,118","$31,165,421"
90,Delivery Man,Delivery Man,"$7,944,977",2013-11-22,11/22/2013,"3,036","$30,664,106"
91,Grudge Match,Grudge Match,"$7,021,993",2013-12-25,12/25/2013,"2,838","$29,807,260"
92,One Direction: This is Us,One Direction: This is Us,"$15,815,497",2013-08-30,8/30/2013,"2,735","$28,873,374"
93,Kick-Ass 2,Kick-Ass 2,"$13,332,955",2013-08-16,8/16/2013,"2,940","$28,795,985"
94,Dallas Buyers Club,Dallas Buyers Club,"$260,865",2013-11-01,11/1/2013,9,"$27,298,285"
95,Rush (2013),Rush,"$187,289",2013-09-20,9/20/2013,5,"$26,947,624"
96,The Host (2013),The Host,"$10,600,112",2013-03-29,3/29/2013,"3,202","$26,627,201"
97,The World's End,The World's End,"$8,811,790",2013-08-23,8/23/2013,"1,551","$26,004,851"
98,21 and Over,21 and Over,"$8,754,168",2013-03-01,3/1/2013,"2,771","$25,682,380"
99,Her (2013),Her,"$260,382",2013-12-18,12/18/2013,6,"$25,568,251"
100,American Sniper,American Sniper,"$633,456",2014-12-25,12/25/2014,4,"$350,126,372"
101,The Hunger Games: Mockingjay - Part 1,The Hunger Games: Mockingjay - Part 1,"$121,897,634",2014-11-21,11/21/2014,"4,151","$337,135,885"
102,Guardians of the Galaxy,Guardians of the Galaxy,"$94,320,883",2014-08-01,8/1/2014,"4,080","$333,176,600"
103,Captain America: The Winter Soldier,Captain America: The Winter Soldier,"$95,023,721",2014-04-04,4/4/2014,"3,938","$259,766,572"
104,The LEGO Movie,The LEGO Movie,"$69,050,279",2014-02-07,2/7/2014,"3,775","$257,760,692"
105,The Hobbit: The Battle of the Five Armies,The Hobbit: The Battle of the Five Armies,"$54,724,334",2014-12-17,12/17/2014,"3,875","$255,119,788"
106,Transformers: Age of Extinction,Transformers: Age of Extinction,"$100,038,390",2014-06-27,6/27/2014,"4,233","$245,439,076"
107,Maleficent,Maleficent,"$69,431,298",2014-05-30,5/30/2014,"3,948","$241,410,378"
108,X-Men: Days of Future Past,X-Men: Days of Future Past,"$90,823,660",2014-05-23,5/23/2014,"3,996","$233,921,534"
109,Big Hero 6,Big Hero 6,"$56,215,889",2014-11-07,11/7/2014,"3,761","$222,527,828"
110,Dawn of the Planet of the Apes,Dawn of the Planet of the Apes,"$72,611,427",2014-07-11,7/11/2014,"3,967","$208,545,589"
111,The Amazing Spider-Man 2,The Amazing Spider-Man 2,"$91,608,337",2014-05-02,5/2/2014,"4,324","$202,853,933"
112,Godzilla (2014),Godzilla,"$93,188,384",2014-05-16,5/16/2014,"3,952","$200,676,069"
113,22 Jump Street,22 Jump Street,"$57,071,445",2014-06-13,6/13/2014,"3,306","$191,719,337"
114,Teenage Mutant Ninja Turtles (2014),Teenage Mutant Ninja Turtles,"$65,575,105",2014-08-08,8/8/2014,"3,845","$191,204,754"
115,Interstellar,Interstellar,"$47,510,360",2014-11-05,11/5/2014,"3,561","$188,020,017"
116,How to Train Your Dragon 2,How to Train Your Dragon 2,"$49,451,322",2014-06-13,6/13/2014,"4,253","$177,002,924"
117,Gone Girl,Gone Girl,"$37,513,109",2014-10-03,10/3/2014,"3,014","$167,767,189"
118,Divergent,Divergent,"$54,607,747",2014-03-21,3/21/2014,"3,936","$150,947,895"
119,Neighbors,Neighbors,"$49,033,915",2014-05-09,5/9/2014,"3,279","$150,157,400"
120,Ride Along,Ride Along,"$41,516,170",2014-01-17,1/17/2014,"2,663","$134,938,200"
121,Rio 2,Rio 2,"$39,327,869",2014-04-11,4/11/2014,"3,948","$131,538,435"
122,Into the Woods,Into the Woods,"$31,051,923",2014-12-25,12/25/2014,"2,440","$128,002,372"
123,Lucy,Lucy,"$43,899,340",2014-07-25,7/25/2014,"3,173","$126,663,600"
124,The Fault in our Stars,The Fault in our Stars,"$48,002,523",2014-06-06,6/6/2014,"3,173","$124,872,350"
125,Unbroken,Unbroken,"$30,621,445",2014-12-25,12/25/2014,"3,131","$115,637,895"
126,Night at the Museum: Secret of the Tomb,Night at the Museum: Secret of the Tomb,"$17,100,520",2014-12-19,12/19/2014,"3,785","$113,746,621"
127,Mr. Peabody & Sherman,Mr. Peabody & Sherman,"$32,207,057",2014-03-07,3/7/2014,"3,934","$111,506,430"
128,300: Rise of An Empire,300: Rise of An Empire,"$45,038,460",2014-03-07,3/7/2014,"3,470","$106,580,051"
129,The Maze Runner,The Maze Runner,"$32,512,804",2014-09-19,9/19/2014,"3,604","$102,427,862"
130,The Equalizer,The Equalizer,"$34,137,828",2014-09-26,9/26/2014,"3,236","$101,530,738"
131,Noah,Noah,"$43,720,472",2014-03-28,3/28/2014,"3,567","$101,200,044"
132,Edge of Tomorrow,Edge of Tomorrow,"$28,760,246",2014-06-06,6/6/2014,"3,490","$100,206,256"
133,Non-Stop,Non-Stop,"$28,875,635",2014-02-28,2/28/2014,"3,090","$92,168,600"
134,Heaven is for Real,Heaven is for Real,"$22,522,221",2014-04-16,4/16/2014,"2,417","$91,443,253"
135,The Imitation Game,The Imitation Game,"$479,352",2014-11-28,11/28/2014,4,"$91,125,683"
136,Dumb and Dumber To,Dumb and Dumber To,"$36,111,775",2014-11-14,11/14/2014,"3,154","$86,208,010"
137,Annie (2014),Annie,"$15,861,939",2014-12-19,12/19/2014,"3,116","$85,911,262"
138,Fury (2014),Fury,"$23,702,421",2014-10-17,10/17/2014,"3,173","$85,817,906"
139,Tammy,Tammy,"$21,577,049",2014-07-02,7/2/2014,"3,465","$84,525,432"
140,Annabelle,Annabelle,"$37,134,255",2014-10-03,10/3/2014,"3,185","$84,273,813"
141,The Other Woman (2014),The Other Woman,"$24,763,752",2014-04-25,4/25/2014,"3,205","$83,911,193"
142,Penguins of Madagascar,Penguins of Madagascar,"$25,447,444",2014-11-26,11/26/2014,"3,764","$83,350,911"
143,Let's Be Cops,Let's Be Cops,"$17,813,722",2014-08-13,8/13/2014,"3,094","$82,390,774"
144,The Monuments Men,The Monuments Men,"$22,003,433",2014-02-07,2/7/2014,"3,083","$78,031,620"
145,Hercules (2014),Hercules,"$29,800,263",2014-07-25,7/25/2014,"3,595","$72,688,614"
146,The Purge: Anarchy,The Purge: Anarchy,"$29,816,675",2014-07-18,7/18/2014,"2,805","$71,962,800"
147,"Alexander and the Terrible, Horrible, No Good, Very Bad Day","Alexander and the Terrible, Horrible, No Good, Very Bad Day","$18,360,230",2014-10-10,10/10/2014,"3,088","$66,954,149"
148,Think Like a Man Too,Think Like a Man Too,"$29,241,911",2014-06-20,6/20/2014,"2,225","$65,182,182"
149,Exodus: Gods and Kings,Exodus: Gods and Kings,"$24,115,934",2014-12-12,12/12/2014,"3,503","$65,014,513"
150,The Nut Job,The Nut Job,"$19,423,000",2014-01-17,1/17/2014,"3,427","$64,251,541"
151,God's Not Dead,God's Not Dead,"$9,217,013",2014-03-21,3/21/2014,780,"$60,755,732"
152,Son of God,Son of God,"$25,601,865",2014-02-28,2/28/2014,"3,260","$59,700,064"
153,The Grand Budapest Hotel,The Grand Budapest Hotel,"$811,166",2014-03-07,3/7/2014,4,"$59,301,324"
154,Planes: Fire & Rescue,Planes: Fire & Rescue,"$17,509,407",2014-07-18,7/18/2014,"3,826","$59,165,787"
155,RoboCop (2014),RoboCop,"$21,681,430",2014-02-12,2/12/2014,"3,372","$58,607,007"
156,Dracula Untold,Dracula Untold,"$23,514,615",2014-10-10,10/10/2014,"2,885","$56,280,355"
157,Horrible Bosses 2,Horrible Bosses 2,"$15,457,418",2014-11-26,11/26/2014,"3,375","$54,445,357"
158,The Hundred-Foot Journey,The Hundred-Foot Journey,"$10,979,290",2014-08-08,8/8/2014,"2,023","$54,240,821"
159,No Good Deed (2014),No Good Deed,"$24,250,283",2014-09-12,9/12/2014,"2,175","$52,543,632"
160,Selma,Selma,"$571,450",2014-12-25,12/25/2014,19,"$52,076,908"
161,Muppets Most Wanted,Muppets Most Wanted,"$17,005,126",2014-03-21,3/21/2014,"3,194","$51,183,113"
162,Ouija,Ouija,"$19,875,995",2014-10-24,10/24/2014,"2,858","$50,856,010"
163,The Boxtrolls,The Boxtrolls,"$17,275,239",2014-09-26,9/26/2014,"3,464","$50,837,305"
164,Jack Ryan: Shadow Recruit,Jack Ryan: Shadow Recruit,"$15,451,981",2014-01-17,1/17/2014,"3,387","$50,577,412"
165,If I Stay,If I Stay,"$15,679,190",2014-08-22,8/22/2014,"2,907","$50,474,843"
166,The Book of Life (2014),The Book of Life,"$17,005,218",2014-10-17,10/17/2014,"3,071","$50,151,543"
167,About Last Night (2014),About Last Night,"$25,649,011",2014-02-14,2/14/2014,"2,253","$48,637,684"
168,Into The Storm,Into The Storm,"$17,346,427",2014-08-08,8/8/2014,"3,434","$47,602,194"
169,The Judge,The Judge,"$13,116,226",2014-10-10,10/10/2014,"3,003","$47,119,388"
170,Jersey Boys,Jersey Boys,"$13,319,371",2014-06-20,6/20/2014,"2,905","$47,047,013"
171,Blended,Blended,"$14,284,031",2014-05-23,5/23/2014,"3,555","$46,294,610"
172,The Giver,The Giver,"$12,305,016",2014-08-15,8/15/2014,"3,003","$45,090,374"
173,St. Vincent,St. Vincent,"$109,878",2014-10-10,10/10/2014,4,"$44,137,712"
174,Need for Speed,Need for Speed,"$17,844,939",2014-03-14,3/14/2014,"3,115","$43,577,636"
175,A Million Ways to Die in the West,A Million Ways to Die in the West,"$16,797,385",2014-05-30,5/30/2014,"3,158","$43,139,300"
176,John Wick,John Wick,"$14,415,922",2014-10-24,10/24/2014,"2,589","$43,037,835"
177,Birdman,Birdman,"$424,397",2014-10-17,10/17/2014,4,"$42,340,598"
178,Dolphin Tale 2,Dolphin Tale 2,"$15,873,397",2014-09-12,9/12/2014,"3,656","$42,024,533"
179,The Expendables 3,The Expendables 3,"$15,879,645",2014-08-15,8/15/2014,"3,221","$39,322,544"
180,Earth to Echo,Earth to Echo,"$8,364,658",2014-07-02,7/2/2014,"3,230","$38,934,842"
181,Sex Tape,Sex Tape,"$14,608,152",2014-07-18,7/18/2014,"3,062","$38,543,473"
182,Wild (2014),Wild,"$606,810",2014-12-03,12/3/2014,21,"$37,880,356"
183,Million Dollar Arm,Million Dollar Arm,"$10,515,659",2014-05-16,5/16/2014,"3,019","$36,457,627"
184,The Theory of Everything,The Theory of Everything,"$208,763",2014-11-07,11/7/2014,5,"$35,893,537"
185,This is Where I Leave You,This is Where I Leave You,"$11,558,149",2014-09-19,9/19/2014,"2,868","$34,296,320"
186,The Gambler,The Gambler,"$9,129,999",2014-12-25,12/25/2014,"2,478","$33,680,992"
187,Paranormal Activity: The Marked Ones,Paranormal Activity: The Marked Ones,"$18,343,611",2014-01-03,1/3/2014,"2,867","$32,462,372"
188,Nightcrawler,Nightcrawler,"$10,441,000",2014-10-31,10/31/2014,"2,766","$32,381,217"
189,Chef,Chef,"$204,961",2014-05-09,5/9/2014,6,"$31,424,003"
190,Get On Up,Get On Up,"$13,585,915",2014-08-01,8/1/2014,"2,468","$30,703,100"
191,3 Days to Kill,3 Days to Kill,"$12,242,218",2014-02-21,2/21/2014,"2,872","$30,697,999"
192,Deliver Us From Evil,Deliver Us From Evil,"$9,740,471",2014-07-02,7/2/2014,"3,049","$30,577,122"
193,When the Game Stands Tall,When the Game Stands Tall,"$8,381,509",2014-08-22,8/22/2014,"2,673","$30,127,963"
194,Draft Day,Draft Day,"$9,783,603",2014-04-11,4/11/2014,"2,781","$28,842,237"
195,Oculus,Oculus,"$12,005,402",2014-04-11,4/11/2014,"2,648","$27,695,246"
196,The Best of Me,The Best of Me,"$10,003,827",2014-10-17,10/17/2014,"2,936","$26,766,213"
197,A Walk Among the Tombstones,A Walk Among the Tombstones,"$12,758,780",2014-09-19,9/19/2014,"2,712","$26,307,600"
198,That Awkward Moment,That Awkward Moment,"$8,742,109",2014-01-31,1/31/2014,"2,809","$26,068,955"
199,Boyhood,Boyhood,"$387,618",2014-07-11,7/11/2014,5,"$25,352,281"
200,Star Wars: The Force Awakens,Star Wars: The Force Awakens,"$247,966,675",2015-12-18,12/18/2015,"4,134","$936,662,225"
201,Jurassic World,Jurassic World,"$208,806,270",2015-06-12,6/12/2015,"4,274","$652,270,625"
202,Avengers: Age of Ultron,Avengers: Age of Ultron,"$191,271,109",2015-05-01,5/1/2015,"4,276","$459,005,868"
203,Inside Out,Inside Out,"$90,440,272",2015-06-19,6/19/2015,"3,946","$356,461,711"
204,Furious 7,Furious 7,"$147,187,040",2015-04-03,4/3/2015,"4,004","$353,007,020"
205,Minions,Minions,"$115,718,405",2015-07-10,7/10/2015,"4,301","$336,045,770"
206,The Hunger Games: Mockingjay - Part 2,The Hunger Games: Mockingjay - Part 2,"$102,665,981",2015-11-20,11/20/2015,"4,175","$281,723,902"
207,The Martian,The Martian,"$54,308,575",2015-10-02,10/2/2015,"3,831","$228,433,663"
208,Cinderella (2015),Cinderella,"$67,877,361",2015-03-13,3/13/2015,"3,845","$201,151,353"
209,Spectre,Spectre,"$70,403,148",2015-11-06,11/6/2015,"3,929","$200,074,609"
210,Mission: Impossible - Rogue Nation,Mission: Impossible - Rogue Nation,"$55,520,089",2015-07-31,7/31/2015,"3,956","$195,042,377"
211,Pitch Perfect 2,Pitch Perfect 2,"$69,216,890",2015-05-15,5/15/2015,"3,473","$184,296,230"
212,The Revenant,The Revenant,"$474,560",2015-12-25,12/25/2015,4,"$183,637,894"
213,Ant-Man,Ant-Man,"$57,225,526",2015-07-17,7/17/2015,"3,856","$180,202,163"
214,Home (2015),Home,"$52,107,731",2015-03-27,3/27/2015,"3,708","$177,397,510"
215,Hotel Transylvania 2,Hotel Transylvania 2,"$48,464,322",2015-09-25,9/25/2015,"3,754","$169,700,110"
216,Fifty Shades of Grey,Fifty Shades of Grey,"$85,171,450",2015-02-13,2/13/2015,"3,646","$166,167,230"
217,The SpongeBob Movie: Sponge Out of Water,The SpongeBob Movie: Sponge Out of Water,"$55,365,012",2015-02-06,2/6/2015,"3,641","$162,994,032"
218,Straight Outta Compton,Straight Outta Compton,"$60,200,180",2015-08-14,8/14/2015,"2,757","$161,197,785"
219,San Andreas,San Andreas,"$54,588,173",2015-05-29,5/29/2015,"3,777","$155,190,832"
220,Mad Max: Fury Road,Mad Max: Fury Road,"$45,428,128",2015-05-15,5/15/2015,"3,702","$153,636,354"
221,Daddy's Home,Daddy's Home,"$38,740,203",2015-12-25,12/25/2015,"3,271","$150,357,137"
222,The Divergent Series: Insurgent,The Divergent Series: Insurgent,"$52,263,680",2015-03-20,3/20/2015,"3,875","$130,179,072"
223,The Peanuts Movie,The Peanuts Movie,"$44,213,073",2015-11-06,11/6/2015,"3,897","$130,178,411"
224,Kingsman: The Secret Service,Kingsman: The Secret Service,"$36,206,331",2015-02-13,2/13/2015,"3,204","$128,261,724"
225,The Good Dinosaur,The Good Dinosaur,"$39,155,217",2015-11-25,11/25/2015,"3,749","$123,087,120"
226,Spy,Spy,"$29,085,719",2015-06-05,6/5/2015,"3,711","$110,825,712"
227,Trainwreck,Trainwreck,"$30,097,040",2015-07-17,7/17/2015,"3,158","$110,212,700"
228,Creed,Creed,"$29,632,823",2015-11-25,11/25/2015,"3,404","$109,767,581"
229,Tomorrowland,Tomorrowland,"$33,028,165",2015-05-22,5/22/2015,"3,972","$93,436,322"
230,Get Hard,Get Hard,"$33,803,253",2015-03-27,3/27/2015,"3,175","$90,411,453"
231,Terminator: Genisys,Terminator: Genisys,"$27,018,486",2015-07-01,7/1/2015,"3,758","$89,760,956"
232,Taken 3,Taken 3,"$39,201,657",2015-01-09,1/9/2015,"3,594","$89,256,424"
233,Sisters,Sisters,"$13,922,855",2015-12-18,12/18/2015,"2,962","$87,044,645"
234,Alvin and the Chipmunks: The Road Chip,Alvin and the Chipmunks: The Road Chip,"$14,287,159",2015-12-18,12/18/2015,"3,653","$85,886,987"
235,Maze Runner: The Scorch Trials,Maze Runner: The Scorch Trials,"$30,316,510",2015-09-18,9/18/2015,"3,791","$81,697,192"
236,Ted 2,Ted 2,"$33,507,870",2015-06-26,6/26/2015,"3,442","$81,476,385"
237,Goosebumps,Goosebumps,"$23,618,556",2015-10-16,10/16/2015,"3,501","$80,080,379"
238,Pixels,Pixels,"$24,011,616",2015-07-24,7/24/2015,"3,723","$78,747,585"
239,Paddington,Paddington,"$18,966,676",2015-01-16,1/16/2015,"3,303","$76,271,832"
240,The Intern,The Intern,"$17,728,313",2015-09-25,9/25/2015,"3,305","$75,764,672"
241,Bridge of Spies,Bridge of Spies,"$15,371,203",2015-10-16,10/16/2015,"2,811","$72,313,754"
242,Paul Blart: Mall Cop 2,Paul Blart: Mall Cop 2,"$23,762,435",2015-04-17,4/17/2015,"3,633","$71,038,190"
243,The Big Short,The Big Short,"$705,527",2015-12-11,12/11/2015,8,"$70,259,870"
244,War Room,War Room,"$11,351,389",2015-08-28,8/28/2015,"1,135","$67,790,117"
245,Magic Mike XXL,Magic Mike XXL,"$12,857,184",2015-07-01,7/1/2015,"3,355","$66,013,057"
246,The Visit,The Visit,"$25,427,560",2015-09-11,9/11/2015,"3,069","$65,206,105"
247,The Wedding Ringer,The Wedding Ringer,"$20,649,306",2015-01-16,1/16/2015,"3,003","$64,460,211"
248,Black Mass,Black Mass,"$22,635,037",2015-09-18,9/18/2015,"3,188","$62,575,678"
249,Vacation,Vacation,"$14,681,108",2015-07-29,7/29/2015,"3,411","$58,884,188"
250,The Perfect Guy,The Perfect Guy,"$25,888,154",2015-09-11,9/11/2015,"2,221","$57,027,435"
251,Joy,Joy,"$17,015,168",2015-12-25,12/25/2015,"2,896","$56,451,232"
252,Fantastic Four,Fantastic Four,"$25,685,737",2015-08-07,8/7/2015,"3,995","$56,117,548"
253,The Hateful Eight,The Hateful Eight,"$4,610,676",2015-12-25,12/25/2015,100,"$54,117,416"
254,Focus (2015),Focus,"$18,685,137",2015-02-27,2/27/2015,"3,323","$53,862,963"
255,Southpaw,Southpaw,"$16,701,294",2015-07-24,7/24/2015,"2,772","$52,421,953"
256,Insidious Chapter 3,Insidious Chapter 3,"$22,692,741",2015-06-05,6/5/2015,"3,002","$52,218,558"
257,Poltergeist (2015),Poltergeist,"$22,620,386",2015-05-22,5/22/2015,"3,240","$47,425,125"
258,Jupiter Ascending,Jupiter Ascending,"$18,372,372",2015-02-06,2/6/2015,"3,181","$47,387,723"
259,Sicario,Sicario,"$401,288",2015-09-18,9/18/2015,6,"$46,889,293"
260,The Man From U.N.C.L.E.,The Man From U.N.C.L.E.,"$13,421,036",2015-08-14,8/14/2015,"3,638","$45,445,109"
261,Spotlight,Spotlight,"$295,009",2015-11-06,11/6/2015,5,"$45,055,776"
262,"McFarland, USA","McFarland, USA","$11,020,798",2015-02-20,2/20/2015,"2,755","$44,482,410"
263,The Gift (2015),The Gift,"$11,854,273",2015-08-07,8/7/2015,"2,503","$43,787,265"
264,Everest (2015),Everest,"$7,222,035",2015-09-18,9/18/2015,545,"$43,482,270"
265,The Night Before,The Night Before,"$9,880,536",2015-11-20,11/20/2015,"2,960","$43,047,372"
266,Krampus,Krampus,"$16,293,325",2015-12-04,12/4/2015,"2,902","$42,725,475"
267,Max (2015),Max,"$12,155,254",2015-06-26,6/26/2015,"2,855","$42,656,255"
268,The Age of Adaline,The Age of Adaline,"$13,203,458",2015-04-24,4/24/2015,"2,991","$42,629,776"
269,Brooklyn,Brooklyn,"$187,281",2015-11-04,11/4/2015,5,"$38,322,743"
270,The Longest Ride,The Longest Ride,"$13,019,686",2015-04-10,4/10/2015,"3,366","$37,446,117"
271,The Boy Next Door,The Boy Next Door,"$14,910,105",2015-01-23,1/23/2015,"2,602","$35,423,380"
272,Pan,Pan,"$15,315,435",2015-10-09,10/9/2015,"3,515","$35,088,320"
273,Hot Pursuit,Hot Pursuit,"$13,942,258",2015-05-08,5/8/2015,"3,003","$34,580,201"
274,Concussion (2015),Concussion,"$10,513,749",2015-12-25,12/25/2015,"2,841","$34,542,474"
275,The DUFF,The DUFF,"$10,809,149",2015-02-20,2/20/2015,"2,575","$34,030,343"
276,Woman in Gold,Woman in Gold,"$2,091,551",2015-04-01,4/1/2015,258,"$33,307,793"
277,The Second Best Exotic Marigold Hotel,The Second Best Exotic Marigold Hotel,"$8,540,370",2015-03-06,3/6/2015,"1,573","$33,078,266"
278,Unfriended,Unfriended,"$15,845,115",2015-04-17,4/17/2015,"2,739","$32,482,090"
279,Entourage,Entourage,"$10,283,250",2015-06-03,6/3/2015,"3,108","$32,363,404"
280,Paper Towns,Paper Towns,"$12,650,140",2015-07-24,7/24/2015,"3,031","$32,000,304"
281,Chappie,Chappie,"$13,346,782",2015-03-06,3/6/2015,"3,201","$31,569,268"
282,Crimson Peak,Crimson Peak,"$13,143,310",2015-10-16,10/16/2015,"2,984","$31,090,320"
283,A Walk in the Woods,A Walk in the Woods,"$8,246,267",2015-09-02,9/2/2015,"1,960","$29,504,281"
284,Point Break (2015),Point Break,"$9,800,252",2015-12-25,12/25/2015,"2,910","$28,782,481"
285,Sinister 2,Sinister 2,"$10,542,116",2015-08-21,8/21/2015,"2,766","$27,740,955"
286,The Last Witch Hunter,The Last Witch Hunter,"$10,812,861",2015-10-23,10/23/2015,"3,082","$27,367,660"
287,No Escape,No Escape,"$8,111,264",2015-08-26,8/26/2015,"3,355","$27,288,872"
288,Ricki and the Flash,Ricki and the Flash,"$6,610,961",2015-08-07,8/7/2015,"1,603","$26,822,144"
289,The Woman in Black 2: Angel of Death,The Woman in Black 2: Angel of Death,"$15,027,415",2015-01-02,1/2/2015,"2,602","$26,501,323"
290,Run All Night,Run All Night,"$11,012,305",2015-03-13,3/13/2015,"3,171","$26,461,644"
291,Love the Coopers,Love the Coopers,"$8,317,545",2015-11-13,11/13/2015,"2,603","$26,302,731"
292,The Lazarus Effect,The Lazarus Effect,"$10,203,437",2015-02-27,2/27/2015,"2,666","$25,801,047"
293,Ex Machina,Ex Machina,"$237,264",2015-04-10,4/10/2015,4,"$25,442,958"
294,In the Heart of the Sea,In the Heart of the Sea,"$11,053,366",2015-12-11,12/11/2015,"3,103","$25,020,758"
295,The Gallows,The Gallows,"$9,808,463",2015-07-10,7/10/2015,"2,720","$22,764,410"
296,Hitman: Agent 47,Hitman: Agent 47,"$8,326,530",2015-08-21,8/21/2015,"3,261","$22,467,450"
297,Project Almanac,Project Almanac,"$8,310,252",2015-01-30,1/30/2015,"2,893","$22,348,241"
298,Black or White,Black or White,"$6,213,362",2015-01-30,1/30/2015,"1,823","$21,571,189"
299,Aloha,Aloha,"$9,670,235",2015-05-29,5/29/2015,"2,815","$21,067,116"
300,Rogue One: A Star Wars Story,Rogue One: A Star Wars Story,"$155,081,681",2016-12-16,12/16/2016,"4,157","$532,177,324"
301,Finding Dory,Finding Dory,"$135,060,273",2016-06-17,6/17/2016,"4,305","$486,295,561"
302,Captain America: Civil War,Captain America: Civil War,"$179,139,142",2016-05-06,5/6/2016,"4,226","$408,084,349"
303,The Secret Life of Pets,The Secret Life of Pets,"$104,352,905",2016-07-08,7/8/2016,"4,370","$368,384,330"
304,The Jungle Book (2016),The Jungle Book,"$103,261,464",2016-04-15,4/15/2016,"4,028","$364,001,123"
305,Deadpool,Deadpool,"$132,434,639",2016-02-12,2/12/2016,"3,558","$363,070,709"
306,Zootopia,Zootopia,"$75,063,401",2016-03-04,3/4/2016,"3,827","$341,268,248"
307,Batman v Superman: Dawn of Justice,Batman v Superman: Dawn of Justice,"$166,007,347",2016-03-25,3/25/2016,"4,242","$330,360,194"
308,Suicide Squad,Suicide Squad,"$133,682,248",2016-08-05,8/5/2016,"4,255","$325,100,054"
309,Sing,Sing,"$35,258,145",2016-12-21,12/21/2016,"4,022","$270,395,425"
310,Moana,Moana,"$56,631,401",2016-11-23,11/23/2016,"3,875","$248,757,044"
311,Fantastic Beasts and Where To Find Them,Fantastic Beasts and Where To Find Them,"$74,403,387",2016-11-18,11/18/2016,"4,144","$234,037,575"
312,Doctor Strange,Doctor Strange,"$85,058,311",2016-11-04,11/4/2016,"3,882","$232,641,920"
313,Hidden Figures,Hidden Figures,"$515,499",2016-12-25,12/25/2016,25,"$169,607,287"
314,Jason Bourne,Jason Bourne,"$59,215,365",2016-07-29,7/29/2016,"4,026","$162,434,410"
315,Star Trek Beyond,Star Trek Beyond,"$59,253,211",2016-07-22,7/22/2016,"3,928","$158,848,340"
316,X-Men: Apocalypse,X-Men: Apocalypse,"$65,769,562",2016-05-27,5/27/2016,"4,150","$155,442,489"
317,Trolls,Trolls,"$46,581,142",2016-11-04,11/4/2016,"4,060","$153,707,064"
318,La La Land,La La Land,"$881,104",2016-12-09,12/9/2016,5,"$151,101,803"
319,Kung Fu Panda 3,Kung Fu Panda 3,"$41,282,042",2016-01-29,1/29/2016,"3,955","$143,528,619"
320,Ghostbusters (2016),Ghostbusters,"$46,018,755",2016-07-15,7/15/2016,"3,963","$128,350,574"
321,Central Intelligence,Central Intelligence,"$35,535,250",2016-06-17,6/17/2016,"3,508","$127,440,871"
322,The Legend of Tarzan,The Legend of Tarzan,"$38,527,856",2016-07-01,7/1/2016,"3,561","$126,643,061"
323,Sully,Sully,"$35,028,301",2016-09-09,9/9/2016,"3,525","$125,070,033"
324,Bad Moms,Bad Moms,"$23,817,340",2016-07-29,7/29/2016,"3,215","$113,257,297"
325,The Angry Birds Movie,The Angry Birds Movie,"$38,155,177",2016-05-20,5/20/2016,"3,932","$107,509,366"
326,Independence Day: Resurgence,Independence Day: Resurgence,"$41,039,944",2016-06-24,6/24/2016,"4,130","$103,144,286"
327,The Conjuring 2,The Conjuring 2,"$40,406,314",2016-06-10,6/10/2016,"3,343","$102,470,008"
328,Arrival,Arrival,"$24,074,047",2016-11-11,11/11/2016,"2,317","$100,546,139"
329,Passengers (2016),Passengers,"$14,869,736",2016-12-21,12/21/2016,"3,478","$100,014,699"
330,Sausage Party,Sausage Party,"$34,263,534",2016-08-12,8/12/2016,"3,103","$97,685,686"
331,The Magnificent Seven (2016),The Magnificent Seven,"$34,703,397",2016-09-23,9/23/2016,"3,674","$93,432,655"
332,Ride Along 2,Ride Along 2,"$35,243,095",2016-01-15,1/15/2016,"3,175","$91,221,830"
333,Don't Breathe,Don't Breathe,"$26,411,706",2016-08-26,8/26/2016,"3,051","$89,217,875"
334,Miss Peregrine's Home for Peculiar Children,Miss Peregrine's Home for Peculiar Children,"$28,871,140",2016-09-30,9/30/2016,"3,522","$87,242,834"
335,The Accountant,The Accountant,"$24,710,273",2016-10-14,10/14/2016,"3,332","$86,260,045"
336,Teenage Mutant Ninja Turtles: Out of the Shadows,Teenage Mutant Ninja Turtles: Out of the Shadows,"$35,316,382",2016-06-03,6/3/2016,"4,071","$82,051,601"
337,The Purge: Election Year,The Purge: Election Year,"$31,515,110",2016-07-01,7/1/2016,"2,796","$79,213,375"
338,Alice Through the Looking Glass,Alice Through the Looking Glass,"$26,858,726",2016-05-27,5/27/2016,"3,763","$77,041,381"
339,Pete's Dragon (2016),Pete's Dragon,"$21,514,095",2016-08-12,8/12/2016,"3,702","$76,233,151"
340,The Girl on the Train (2016),The Girl on the Train,"$24,536,265",2016-10-07,10/7/2016,"3,144","$75,395,035"
341,Boo! A Madea Halloween,Boo! A Madea Halloween,"$28,501,448",2016-10-21,10/21/2016,"2,260","$73,206,343"
342,Storks,Storks,"$21,311,407",2016-09-23,9/23/2016,"3,922","$72,679,278"
343,10 Cloverfield Lane,10 Cloverfield Lane,"$24,727,437",2016-03-11,3/11/2016,"3,391","$72,082,998"
344,Lights Out,Lights Out,"$21,688,103",2016-07-22,7/22/2016,"2,818","$67,268,835"
345,Hacksaw Ridge,Hacksaw Ridge,"$15,190,758",2016-11-04,11/4/2016,"2,886","$67,209,615"
346,The Divergent Series: Allegiant,The Divergent Series: Allegiant,"$29,027,348",2016-03-18,3/18/2016,"3,740","$66,184,051"
347,Now You See Me 2,Now You See Me 2,"$22,383,146",2016-06-10,6/10/2016,"3,232","$65,075,540"
348,Ice Age: Collision Course,Ice Age: Collision Course,"$21,373,064",2016-07-22,7/22/2016,"3,992","$64,063,008"
349,The Boss,The Boss,"$23,586,645",2016-04-08,4/8/2016,"3,480","$63,285,885"
350,London Has Fallen,London Has Fallen,"$21,635,601",2016-03-04,3/4/2016,"3,490","$62,678,608"
351,Miracles from Heaven,Miracles from Heaven,"$14,812,393",2016-03-16,3/16/2016,"3,047","$61,705,123"
352,Deepwater Horizon,Deepwater Horizon,"$20,223,544",2016-09-30,9/30/2016,"3,259","$61,433,527"
353,Why Him?,Why Him?,"$11,002,986",2016-12-23,12/23/2016,"2,917","$60,323,786"
354,My Big Fat Greek Wedding 2,My Big Fat Greek Wedding 2,"$17,861,950",2016-03-25,3/25/2016,"3,133","$59,689,605"
355,Jack Reacher: Never Go Back,Jack Reacher: Never Go Back,"$22,872,490",2016-10-21,10/21/2016,"3,780","$58,697,076"
356,Fences,Fences,"$129,462",2016-12-16,12/16/2016,4,"$57,682,904"
357,Me Before You,Me Before You,"$18,723,269",2016-06-03,6/3/2016,"2,704","$56,245,075"
358,The BFG,The BFG,"$18,775,350",2016-07-01,7/1/2016,"3,357","$55,483,770"
359,Neighbors 2: Sorority Rising,Neighbors 2: Sorority Rising,"$21,760,405",2016-05-20,5/20/2016,"3,384","$55,455,765"
360,The Shallows,The Shallows,"$16,800,868",2016-06-24,6/24/2016,"2,962","$55,124,043"
361,Office Christmas Party,Office Christmas Party,"$16,890,204",2016-12-09,12/9/2016,"3,210","$54,767,494"
362,Assassin's Creed,Assassin's Creed,"$10,278,225",2016-12-21,12/21/2016,"2,970","$54,647,948"
363,Barbershop: The Next Cut,Barbershop: The Next Cut,"$20,242,415",2016-04-15,4/15/2016,"2,661","$54,030,051"
364,13 Hours: The Secret Soldiers of Benghazi,13 Hours: The Secret Soldiers of Benghazi,"$16,194,738",2016-01-15,1/15/2016,"2,389","$52,853,219"
365,Lion,Lion,"$123,360",2016-11-25,11/25/2016,4,"$51,738,905"
366,The Huntsman: Winter's War,The Huntsman: Winter's War,"$19,445,035",2016-04-22,4/22/2016,"3,791","$48,390,190"
367,Kubo and the Two Strings,Kubo and the Two Strings,"$12,608,372",2016-08-19,8/19/2016,"3,260","$48,023,088"
368,Manchester by the Sea,Manchester by the Sea,"$256,498",2016-11-18,11/18/2016,4,"$47,695,371"
369,Warcraft,Warcraft,"$24,166,110",2016-06-10,6/10/2016,"3,400","$47,365,290"
370,How to Be Single,How to Be Single,"$17,878,911",2016-02-12,2/12/2016,"3,343","$46,843,513"
371,Mike and Dave Need Wedding Dates,Mike and Dave Need Wedding Dates,"$16,628,170",2016-07-08,7/8/2016,"2,982","$46,009,673"
372,War Dogs,War Dogs,"$14,685,305",2016-08-19,8/19/2016,"3,258","$43,034,523"
373,Almost Christmas,Almost Christmas,"$15,134,235",2016-11-11,11/11/2016,"2,376","$42,158,780"
374,Money Monster,Money Monster,"$14,788,157",2016-05-13,5/13/2016,"3,104","$41,012,075"
375,Allied,Allied,"$12,701,743",2016-11-23,11/23/2016,"3,160","$40,098,064"
376,Nerve,Nerve,"$9,445,456",2016-07-27,7/27/2016,"2,538","$38,583,626"
377,Risen,Risen,"$11,801,271",2016-02-19,2/19/2016,"2,915","$36,880,033"
378,The Nice Guys,The Nice Guys,"$11,203,270",2016-05-20,5/20/2016,"2,865","$36,261,763"
379,The Boy (2016),The Boy,"$10,778,392",2016-01-22,1/22/2016,"2,671","$35,819,556"
380,Dirty Grandpa,Dirty Grandpa,"$11,111,875",2016-01-22,1/22/2016,"2,912","$35,593,113"
381,Ouija: Origin of Evil,Ouija: Origin of Evil,"$14,065,500",2016-10-21,10/21/2016,"3,167","$35,144,505"
382,The 5th Wave,The 5th Wave,"$10,326,356",2016-01-22,1/22/2016,"2,908","$34,916,787"
383,Inferno,Inferno,"$14,860,425",2016-10-28,10/28/2016,"3,576","$34,343,574"
384,Mother's Day,Mother's Day,"$8,369,184",2016-04-29,4/29/2016,"3,035","$32,492,859"
385,Patriots Day,Patriots Day,"$161,306",2016-12-21,12/21/2016,7,"$31,886,361"
386,Gods of Egypt,Gods of Egypt,"$14,123,903",2016-02-26,2/26/2016,"3,117","$31,153,464"
387,Collateral Beauty,Collateral Beauty,"$7,102,085",2016-12-16,12/16/2016,"3,028","$31,016,021"
388,"Hail, Caesar!","Hail, Caesar!","$11,355,225",2016-02-05,2/5/2016,"2,232","$30,498,085"
389,When the Bough Breaks,When the Bough Breaks,"$14,202,323",2016-09-09,9/9/2016,"2,246","$29,747,603"
390,Zoolander 2,Zoolander 2,"$13,841,146",2016-02-12,2/12/2016,"3,394","$28,848,693"
391,Moonlight (2016),Moonlight,"$402,075",2016-10-21,10/21/2016,4,"$27,854,932"
392,The Finest Hours,The Finest Hours,"$10,288,932",2016-01-29,1/29/2016,"3,143","$27,569,558"
393,Florence Foster Jenkins,Florence Foster Jenkins,"$6,601,313",2016-08-12,8/12/2016,"1,528","$27,383,770"
394,Hell or High Water,Hell or High Water,"$621,329",2016-08-12,8/12/2016,32,"$27,007,844"
395,The Forest,The Forest,"$12,741,176",2016-01-08,1/8/2016,"2,451","$26,594,261"
396,Ben-Hur (2016),Ben-Hur,"$11,203,815",2016-08-19,8/19/2016,"3,084","$26,410,477"
397,The Witch,The Witch,"$8,800,230",2016-02-19,2/19/2016,"2,046","$25,138,705"
398,Bridget Jones's Baby,Bridget Jones's Baby,"$8,571,785",2016-09-16,9/16/2016,"2,927","$24,252,420"
399,Kevin Hart: What Now?,Kevin Hart: What Now?,"$11,767,210",2016-10-14,10/14/2016,"2,567","$23,591,043"
400,Star Wars: The Last Jedi,Star Wars: The Last Jedi,"$220,009,584",2017-12-15,12/15/2017,"4,232","$620,180,528"
401,Beauty and the Beast (2017),Beauty and the Beast,"$174,750,616",2017-03-17,3/17/2017,"4,210","$504,014,165"
402,Wonder Woman,Wonder Woman,"$103,251,471",2017-06-02,6/2/2017,"4,165","$412,563,408"
403,Jumanji: Welcome to the Jungle,Jumanji: Welcome to the Jungle,"$36,169,328",2017-12-20,12/20/2017,"3,765","$403,951,484"
404,Guardians of the Galaxy Vol. 2,Guardians of the Galaxy Vol. 2,"$146,510,104",2017-05-05,5/5/2017,"4,347","$389,813,101"
405,Spider-Man: Homecoming,Spider-Man: Homecoming,"$117,027,503",2017-07-07,7/7/2017,"4,348","$334,201,140"
406,It,It,"$123,403,419",2017-09-08,9/8/2017,"4,103","$327,481,748"
407,Thor: Ragnarok,Thor: Ragnarok,"$122,744,989",2017-11-03,11/3/2017,"4,080","$315,058,289"
408,Despicable Me 3,Despicable Me 3,"$72,434,025",2017-06-30,6/30/2017,"4,529","$264,624,300"
409,Justice League,Justice League,"$93,842,239",2017-11-17,11/17/2017,"4,051","$229,024,295"
410,Logan,Logan,"$88,411,916",2017-03-03,3/3/2017,"4,071","$226,277,068"
411,The Fate of the Furious,The Fate of the Furious,"$98,786,705",2017-04-14,4/14/2017,"4,310","$226,008,385"
412,Coco,Coco,"$50,802,605",2017-11-22,11/22/2017,"3,987","$209,690,073"
413,Dunkirk,Dunkirk,"$50,513,488",2017-07-21,7/21/2017,"3,720","$188,045,546"
414,Get Out,Get Out,"$33,377,060",2017-02-24,2/24/2017,"2,781","$176,040,665"
415,The LEGO Batman Movie,The LEGO Batman Movie,"$53,003,468",2017-02-10,2/10/2017,"4,088","$175,750,384"
416,The Boss Baby,The Boss Baby,"$50,198,902",2017-03-31,3/31/2017,"3,773","$175,003,033"
417,The Greatest Showman,The Greatest Showman,"$8,805,843",2017-12-20,12/20/2017,"3,006","$173,357,516"
418,Pirates of the Caribbean: Dead Men Tell No Tales,Pirates of the Caribbean: Dead Men Tell No Tales,"$62,983,253",2017-05-26,5/26/2017,"4,276","$172,558,876"
419,Kong: Skull Island,Kong: Skull Island,"$61,025,472",2017-03-10,3/10/2017,"3,846","$168,052,812"
420,Cars 3,Cars 3,"$53,688,680",2017-06-16,6/16/2017,"4,256","$152,901,115"
421,War for the Planet of the Apes,War for the Planet of the Apes,"$56,262,929",2017-07-14,7/14/2017,"4,022","$146,880,162"
422,Split,Split,"$40,010,975",2017-01-20,1/20/2017,"3,038","$138,291,365"
423,Wonder,Wonder,"$27,547,866",2017-11-17,11/17/2017,"3,096","$132,422,809"
424,Transformers: The Last Knight,Transformers: The Last Knight,"$44,680,073",2017-06-21,6/21/2017,"4,069","$130,168,683"
425,Girls Trip,Girls Trip,"$31,201,920",2017-07-21,7/21/2017,"2,591","$115,171,585"
426,Fifty Shades Darker,Fifty Shades Darker,"$46,607,250",2017-02-10,2/10/2017,"3,710","$114,581,250"
427,Baby Driver,Baby Driver,"$20,553,320",2017-06-28,6/28/2017,"3,226","$107,825,862"
428,Pitch Perfect 3,Pitch Perfect 3,"$19,928,525",2017-12-22,12/22/2017,"3,447","$104,897,530"
429,Daddy's Home 2,Daddy's Home 2,"$29,651,193",2017-11-10,11/10/2017,"3,575","$104,029,443"
430,Murder on the Orient Express (2017),Murder on the Orient Express,"$28,681,472",2017-11-10,11/10/2017,"3,341","$102,826,543"
431,Annabelle: Creation,Annabelle: Creation,"$35,006,404",2017-08-11,8/11/2017,"3,502","$102,092,201"
432,Kingsman: The Golden Circle,Kingsman: The Golden Circle,"$39,023,010",2017-09-22,9/22/2017,"4,003","$100,234,838"
433,Blade Runner 2049,Blade Runner 2049,"$32,753,122",2017-10-06,10/6/2017,"4,058","$92,054,159"
434,John Wick: Chapter Two,John Wick: Chapter Two,"$30,436,123",2017-02-10,2/10/2017,"3,113","$92,029,184"
435,The Emoji Movie,The Emoji Movie,"$24,531,923",2017-07-28,7/28/2017,"4,075","$86,089,513"
436,Power Rangers (2017),Power Rangers,"$40,300,288",2017-03-24,3/24/2017,"3,693","$85,364,450"
437,Ferdinand,Ferdinand,"$13,401,586",2017-12-15,12/15/2017,"3,621","$84,294,989"
438,The Post,The Post,"$526,011",2017-12-22,12/22/2017,9,"$81,835,084"
439,The Mummy (2017),The Mummy,"$31,688,375",2017-06-09,6/9/2017,"4,035","$80,227,895"
440,The Hitman's Bodyguard,The Hitman's Bodyguard,"$21,384,504",2017-08-18,8/18/2017,"3,377","$75,468,583"
441,Alien: Covenant,Alien: Covenant,"$36,160,621",2017-05-19,5/19/2017,"3,761","$74,262,031"
442,Captain Underpants: The First Epic Movie,Captain Underpants: The First Epic Movie,"$23,851,539",2017-06-02,6/2/2017,"3,434","$73,921,000"
443,A Bad Moms Christmas,A Bad Moms Christmas,"$16,759,161",2017-11-01,11/1/2017,"3,615","$72,110,659"
444,A Dog's Purpose,A Dog's Purpose,"$18,222,810",2017-01-27,1/27/2017,"3,059","$64,508,620"
445,The Shape of Water,The Shape of Water,"$166,564",2017-12-01,12/1/2017,2,"$63,814,637"
446,The LEGO Ninjago Movie,The LEGO Ninjago Movie,"$20,433,071",2017-09-22,9/22/2017,"4,047","$59,281,555"
447,Baywatch,Baywatch,"$18,503,871",2017-05-25,5/25/2017,"3,647","$58,060,186"
448,The Shack,The Shack,"$16,172,119",2017-03-03,3/3/2017,"2,888","$57,386,418"
449,Darkest Hour,Darkest Hour,"$175,006",2017-11-22,11/22/2017,4,"$56,443,120"
450,Happy Death Day,Happy Death Day,"$26,039,025",2017-10-13,10/13/2017,"3,149","$55,683,845"
451,"Three Billboards Outside Ebbing, Missouri","Three Billboards Outside Ebbing, Missouri","$322,168",2017-11-10,11/10/2017,4,"$54,465,037"
452,Atomic Blonde,Atomic Blonde,"$18,286,420",2017-07-28,7/28/2017,"3,304","$51,687,870"
453,American Made,American Made,"$16,776,390",2017-09-29,9/29/2017,"3,024","$51,342,000"
454,The Dark Tower,The Dark Tower,"$19,153,698",2017-08-04,8/4/2017,"3,451","$50,701,325"
455,Lady Bird,Lady Bird,"$364,437",2017-11-03,11/3/2017,4,"$48,958,273"
456,Tyler Perry's Boo 2! A Madea Halloween,Tyler Perry's Boo 2! A Madea Halloween,"$21,226,953",2017-10-20,10/20/2017,"2,388","$47,319,572"
457,Snatched,Snatched,"$19,542,248",2017-05-12,5/12/2017,"3,501","$45,852,178"
458,The Great Wall,The Great Wall,"$18,469,620",2017-02-17,2/17/2017,"3,326","$45,540,830"
459,Smurfs: The Lost Village,Smurfs: The Lost Village,"$13,210,449",2017-04-07,4/7/2017,"3,610","$45,020,282"
460,Going in Style (2017),Going in Style,"$11,932,330",2017-04-07,4/7/2017,"3,061","$45,018,541"
461,All Eyez on Me,All Eyez on Me,"$26,435,354",2017-06-16,6/16/2017,"2,471","$44,922,302"
462,xXx: The Return of Xander Cage,xXx: The Return of Xander Cage,"$20,130,142",2017-01-20,1/20/2017,"3,651","$44,898,413"
463,47 Meters Down,47 Meters Down,"$11,205,561",2017-06-16,6/16/2017,"2,270","$44,307,192"
464,The Big Sick,The Big Sick,"$421,577",2017-06-23,6/23/2017,5,"$42,873,127"
465,Valerian and the City of a Thousand Planets,Valerian and the City of a Thousand Planets,"$17,007,624",2017-07-21,7/21/2017,"3,553","$41,189,488"
466,The Star,The Star,"$9,812,674",2017-11-17,11/17/2017,"2,837","$40,852,824"
467,Ghost in the Shell (2017),Ghost in the Shell,"$18,676,033",2017-03-31,3/31/2017,"3,440","$40,563,557"
468,King Arthur: Legend of the Sword,King Arthur: Legend of the Sword,"$15,371,270",2017-05-12,5/12/2017,"3,702","$39,175,066"
469,Jigsaw,Jigsaw,"$16,640,452",2017-10-27,10/27/2017,"2,941","$38,052,832"
470,American Assassin,American Assassin,"$14,846,778",2017-09-15,9/15/2017,"3,154","$36,249,674"
471,The Foreigner,The Foreigner,"$13,113,024",2017-10-13,10/13/2017,"2,515","$34,393,507"
472,"Everything, Everything","Everything, Everything","$11,727,390",2017-05-19,5/19/2017,"2,801","$34,121,140"
473,Wind River,Wind River,"$161,558",2017-08-04,8/4/2017,4,"$33,800,859"
474,Geostorm,Geostorm,"$13,707,376",2017-10-20,10/20/2017,"3,246","$33,700,160"
475,Monster Trucks,Monster Trucks,"$10,950,705",2017-01-13,1/13/2017,"3,119","$33,370,166"
476,Fist Fight,Fist Fight,"$12,201,873",2017-02-17,2/17/2017,"3,185","$32,187,017"
477,How to be a Latin Lover,How to be a Latin Lover,"$12,252,439",2017-04-28,4/28/2017,"1,118","$32,149,404"
478,Kidnap (2017),Kidnap,"$10,016,323",2017-08-04,8/4/2017,"2,378","$30,718,107"
479,Underworld: Blood Wars,Underworld: Blood Wars,"$13,688,751",2017-01-06,1/6/2017,"3,070","$30,353,973"
480,The Mountain Between Us,The Mountain Between Us,"$10,551,336",2017-10-06,10/6/2017,"3,088","$30,348,555"
481,Life (2017),Life,"$12,501,936",2017-03-24,3/24/2017,"3,146","$30,234,022"
482,"I, Tonya","I, Tonya","$264,155",2017-12-08,12/8/2017,4,"$30,006,215"
483,Hostiles,Hostiles,"$22,849",2017-12-22,12/22/2017,3,"$29,812,876"
484,Molly's Game,Molly's Game,"$2,349,967",2017-12-25,12/25/2017,271,"$28,780,744"
485,The Nut Job 2: Nutty by Nature,The Nut Job 2: Nutty by Nature,"$8,342,311",2017-08-11,8/11/2017,"4,003","$28,370,522"
486,Rings,Rings,"$13,002,632",2017-02-03,2/3/2017,"2,931","$27,793,018"
487,Logan Lucky,Logan Lucky,"$7,600,036",2017-08-18,8/18/2017,"3,031","$27,780,977"
488,Home Again,Home Again,"$8,567,881",2017-09-08,9/8/2017,"2,940","$27,020,284"
489,Resident Evil: The Final Chapter,Resident Evil: The Final Chapter,"$13,601,682",2017-01-27,1/27/2017,"3,104","$26,830,068"
490,The House,The House,"$8,724,795",2017-06-30,6/30/2017,"3,134","$25,584,504"
491,All the Money in the World,All the Money in the World,"$5,584,684",2017-12-25,12/25/2017,"2,074","$25,113,707"
492,Gifted,Gifted,"$446,380",2017-04-07,4/7/2017,56,"$24,801,212"
493,Downsizing,Downsizing,"$4,954,287",2017-12-22,12/22/2017,"2,668","$24,449,754"
494,The Bye Bye Man,The Bye Bye Man,"$13,501,349",2017-01-13,1/13/2017,"2,220","$22,395,806"
495,Victoria and Abdul,Victoria and Abdul,"$158,845",2017-09-22,9/22/2017,4,"$22,245,070"
496,Rough Night,Rough Night,"$8,004,283",2017-06-16,6/16/2017,"3,162","$22,105,643"
497,My Little Pony: The Movie,My Little Pony: The Movie,"$8,885,899",2017-10-06,10/6/2017,"2,528","$21,885,107"
498,Leap!,Leap!,"$4,730,038",2017-08-25,8/25/2017,"2,575","$21,858,070"
499,The Disaster Artist,The Disaster Artist,"$1,211,345",2017-12-01,12/1/2017,19,"$21,120,616"
