,commentCount,dislikeCount,favoriteCount,likeCount,movie_name,v_id,v_title,viewCount
0,110,311,0,1007,Toy Story 3,2BlMNH1QTeE,Toy Story 3 Official Trailer [HD],1507696
1,1513,601,0,11051,Alice in Wonderland (2010),9POCgSRVvf0,ALICE IN WONDERLAND | New Official Full Trailer (HQ) | Official Disney UK,5664008
2,176,115,0,2304,Iron Man 2,BoohRoVA9WQ,Iron Man 2 Official Trailer #1 (2010) - Marvel Movie HD,656646
3,14271,4565,0,35855,The Twilight Saga: Eclipse,S2HIda5wSVU,THE TWILIGHT SAGA: ECLIPSE - Trailer,21973332
4,147,41,0,1299,Harry Potter and the Deathly Hallows Part 1,MxqsmsA8y5k,Harry Potter and the Deathly Hallows: Part 1 Official Trailer #1 - (2010) HD,413432
5,1112,354,0,15369,Inception,YoHD9XEInc0,Inception (2010) Official Trailer #1 - Christopher Nolan Movie HD,3825997
6,853,4550,0,14159,Despicable Me,sUkZFetWYY0,Despicable Me Official Trailer #1 - (2010) HD,16419724
7,1153,539,0,4027,Shrek Forever After,u7__TG7swg0,'Shrek Forever After' Trailer 1 HD,6776985
8,39,12,0,253,How to Train Your Dragon,GfBHLVtbG6U,How to Train Your Dragon Official Trailer [HD],116460
9,154,344,0,2533,Tangled,JYKpIr1lSG0,Tangled - Official Trailer 2,2027612
10,11612,7130,0,84730,The Karate Kid,xCwwxNbtK6Y,Official Cobra Kai Trailer - The Karate Kid saga continues,12174358
11,4825,1008,0,22778,Tron Legacy,L9szn1QQfas,TRON: LEGACY Official Trailer,11955625
12,,,0,,True Grit,qIJ4OJ1wH3o,True Grit (2010) - Trailer,145423
13,16,7,0,126,Clash of the Titans (2010),XJNenKqmOMU,Official Clash of the Titans Movie Trailer 2010 [HD],126453
14,1391,450,0,5568,Grown Ups,e01NVCveGkg,Official Grown Ups Trailer  - In Theaters 6/25,5319877
15,11,21,0,182,Little Fockers,CIUpb2aQ5rM,Little Fockers Official Trailer #1 - (2010) HD,108279
16,124,76,0,905,Megamind,NPI0eatlo_M,Megamind - Official Trailer,557304
17,34,16,0,571,The King's Speech,kYoSQkfrjfA,The King's Speech - Official Trailer - The Weinstein Company,192157
18,7075,4471,0,12749,The Last Airbender,ZMoGFeMmhKA,The Last Airbender Trailer #4 - Official (HD),8879051
19,4703,572,0,19175,Shutter Island,5iaYLCiq5RM,"""Shutter Island"" - Official Trailer [HD]",8649467
20,2467,363,0,10103,The Other Guys,D6WOoUG1eNo,Watch the Official THE OTHER GUYS Trailer in HD,7022531
21,2746,465,0,7095,Salt,QZ40WlshNwU,Official SALT Trailer - In Theaters 7/23/2010,6775175
22,785,297,0,8769,Jackass 3-D,cIsVDn-bOaE,Jackass 3D Movie Trailer Official (HD),2347429
23,116,86,0,3914,Valentine's Day,1K45RdE2qlk,"Valentine's Day (2010) Official Trailer - Julia Roberts, Jamie Foxx Movie HD",1072442
24,14392,2260,0,46008,Black Swan,5jaI1XOB-bs,BLACK SWAN | Official Trailer | FOX Searchlight,26912756
25,97,92,0,1153,Robin Hood,fQ6zXDSgwIY,Robin Hood (2010) Official Theatrical Trailer - Russell Crowe Movie HD,728519
26,5302,253,0,8590,The Chronicles of Narnia: The Voyage of the Dawn Treader,hrJQDPpIK6I,The Chronicles of Narnia: The Voyage of the Dawn Treader Official Trailer [HD],3713887
27,240,75,0,1720,The Expendables,8KtYRALe-xo,The Expendables (2010) - Official Trailer #1,974859
28,13,4,0,183,Due Date,1p3NnJ_oiE0,Due Date Official Trailer #1 - (2010) HD,107074
29,97,55,0,372,Yogi Bear,HdRDCNtWUnI,Yogi Bear Official Trailer #1 - (2010) HD,325677
30,920,180,0,3953,Date Night,aspBKFz2dBI,Date Night | Official Trailer (HD) | 20th Century FOX,4438426
31,8756,1274,0,24975,The Social Network,lB95KLmpLR4,The Social Network Official Trailer -In theatres Oct 1 2010,10574556
32,16,94,0,846,Sex and the City 2,pY7sAJm8Fuk,Sex And The City 2 (2010) Official Trailer #1 - Sarah Jessica Parker Movie HD,420281
33,181,85,0,1372,The Book of Eli,zSMHmtaoXtI,"The Book of Eli (2010) Official Trailer - Denzel Washington, Mila Kunis Movie HD",674528
34,72,25,0,782,The Fighter,LRIZ4mCi5Ps,The Fighter Movie Trailer (HD),396618
35,514,350,0,8058,The Town,WcXt9aUMbBk,The Town Official Trailer #1 - (2010) HD,3364882
36,1487,382,0,6739,Prince of Persia: The Sands of Time,bZ7Li5w2I-k,PRINCE OF PERSIA: THE SANDS OF TIME MOVIE TRAILER,4759975
37,12700,11769,0,292714,Red,3h4thS-Hcrk,Raid | Official Trailer | Ajay Devgn | Ileana D'Cruz | Raj Kumar Gupta | 16th March,32788910
38,18,13,0,212,Percy Jackson & The Olympians: The Lightning Thief,1BGjZCedDqg,Percy Jackson & The Olympians: The Lightning Thief - Official® Trailer [HD],79735
39,7240,1801,0,11322,Paranormal Activity 2,07XbSk7Rjt4,'Paranormal Activity 2' Trailer,18657514
40,27643,1313,0,65418,Harry Potter and the Deathly Hallows Part 2,mObK5XD8udk,"""Harry Potter and the Deathly Hallows - Part 2"" Trailer 1",12178454
41,19798,2112,0,45760,Transformers: Dark of the Moon,kHRf01Gjosk,Transformers 3 Dark of the Moon Trailer 3 Official (HD),22758086
42,4017,1311,0,22083,The Twilight Saga: Breaking Dawn Part 1,PQNLfo-SOR4,THE TWILIGHT SAGA: BREAKING DAWN Part 1 - Trailer,8770132
43,2240,447,0,13385,The Hangover Part II,ohF5ZO_zOYU,The Hangover Part II - Trailer,4211812
44,2530,188,0,8763,Pirates of the Caribbean: On Stranger Tides,QQ_1ZZSNFuQ,Pirates of the Caribbean 4 : On Stranger Tides | [HD] OFFICIAL trailer #1 US (2011) 3D Johnny Depp,3163796
45,195,98,0,1724,Fast Five,mw2AqdB5EVA,Fast Five Official Trailer #1 - (2011) HD,1299439
46,74,71,0,1743,Mission: Impossible - Ghost Protocol,EDGYVFZxsXQ,Mission Impossible: Ghost Protocol Official Trailer #1 - Tom Cruise Movie (2011) HD,600318
47,125,70,0,422,Cars 2,zonotSm4Mdc,CARS 2 |  Official Trailer | Official Disney Pixar,520549
48,410,90,0,2816,Sherlock Holmes: A Game of Shadows,DpxtbtnC1u8,Sherlock Holmes: A Game of Shadows (2011) EXCLUSIVE HD Trailer,1131286
49,62242,28826,0,665257,Thor,ue80QwXMRHg,"""Thor: Ragnarok"" Official Trailer",63608900
50,928,119,0,2032,Rise of the Planet of the Apes,X616MkD0k7I,Rise of the Planet of the Apes Official Trailer [HD],532628
51,6212,867,0,22444,Captain America: The First Avenger,JerVrbLldXw,Captain America: The First Avenger - Trailer,8652438
52,2025,337,0,6129,The Help,J_ajv_6pUnI,The Help Movie Trailer Official (HD),2887250
53,60,61,0,1110,Bridesmaids,JgacDwgKiZg,Bridesmaids Official Trailer #1 - (2011) HD,678727
54,182,141,0,2718,Kung Fu Panda 2,FQ63rqSRrEI,Kung Fu Panda 2 | Official Trailer,1383605
55,1642,402,0,8137,Puss in Boots,55gmAtakjJ4,Puss in Boots (2011) NEW Official Long Trailer - HD,5432847
56,733,94,0,2891,X-Men: First Class,kyQKi5-k0UU,X-Men: First Class - Official Trailer (HD),1358702
57,334,565,0,3077,Rio,P1GRO31ve5Q,Rio - Official Trailer | HQ,3347636
58,1634,1160,0,12868,The Smurfs,vu1qZCG6Yo8,Smurfs: The Lost Village Official Trailer 1 (2017) - Animated Movie,3717593
59,15,50,0,449,Alvin and the Chipmunks: Chipwrecked,MSONGEe2Fb0,Alvin and the Chipmunks | Chipwrecked | Official Trailer HD,258871
60,94,36,0,857,Super 8,t-0XuYxh67w,Super 8 | OFFICIAL full trailer US (2011) J.J. Abrams,393371
61,372,134,0,2489,Rango,DDgoDooApwM,Rango | OFFICIAL trailer US (2011),2162015
62,4,9,0,243,Horrible Bosses,bU0STezaOyk,Horrible Bosses Official Trailer #1 - (2011) HD,188113
63,2223,364,0,3713,Green Lantern,_axLoYlwwmU,The Green Lantern | OFFICIAL trailer #1 US (2011),2957719
64,107,91,0,727,Hop,VBR3jDS-Ad4,Hop Official Trailer #1 - (2011) HD,507135
65,3883,933,0,5262,Paranormal Activity 3,twHFeqqFc30,Paranormal Activity 3 - Official Trailer [1080p HD],5246010
66,1,8,0,74,Just Go With It,4SoC6atVsLA,Just Go with It Official Trailer #1 - (2011) HD,42852
67,1075,262,0,4965,The Girl with the Dragon Tattoo (2011),DqQe3OrsMKI,THE GIRL WITH THE DRAGON TATTOO - Official Trailer - In Theaters 12/21,3012960
68,337,136,0,2281,Bad Teacher,GahC5cVsU6A,Bad Teacher- Trailer,1251649
69,1413,194,0,2597,Cowboys & Aliens,In-m2RJw3hE,Cowboys & Aliens Movie Trailer Official (HD),1767255
70,154,75,0,493,Gnomeo and Juliet,6avpvkoZQtk,Gnomeo and Juliet | trailer #1 US (2011) Disney Elton John,314908
71,1488,266,0,2877,The Green Hornet,PMA-taGtfXs,Watch the Official The Green Hornet Trailer in HD,2360389
72,815,218,0,2898,The Lion King (in 3D),jOIu472cCq0,The Lion King 3D Trailer Official [HD],1370716
73,1642,455,0,8833,The Muppets,C4YhbpuGdwQ,Official Trailer  | The Muppets (2011) | The Muppets,3779806
74,7,9,0,34,Real Steel,-kAr7Aq9Pek,Real Steel Official Trailer (HD),27862
75,565,291,0,10179,"Crazy, Stupid, Love.",8iCwtxJejik,"Crazy, Stupid, Love. Official Trailer #1 - (2011) HD",4484709
76,641,118,0,2493,Battle: Los Angeles,-Pd-uuDi28U,Battle: Los Angeles Official Trailer #1 - (2011) HD,868711
77,46,33,0,319,Immortals,pE3yR8bZ1pY,Immortals - Official Trailer,121960
78,54,17,0,454,The Descendants,XDwUH02DDWU,The Descendants - Official HD Trailer,238721
79,84,64,0,353,Zookeeper,krvwtRbK5nM,Zookeeper - Official Trailer 2011 (HD),199147
80,34724,3166,0,118773,Marvel's The Avengers,eOrNdBpGMv8,Marvel's The Avengers- Trailer (OFFICIAL),28101625
81,56687,3207,0,93583,The Dark Knight Rises,GokKUqLcvD8,"The Dark Knight Rises Official Movie Trailer Christian Bale, Batman Movie (2012) HD",36250151
82,5140,613,0,16312,The Hunger Games,mfmrPu43DF8,The Hunger Games (2012 Movie) - Official Theatrical Trailer - Jennifer Lawrence & Liam Hemsworth,5839418
83,,2308,0,53753,Skyfall,6kw1UVovByw,SKYFALL - Official Trailer,25947975
84,3892,463,0,16702,The Hobbit: An Unexpected Journey,SDnYMbYB-nU,The Hobbit: An Unexpected Journey - Official Trailer 2 [HD],5379093
85,625,542,0,3632,The Twilight Saga: Breaking Dawn Part 2,Ocz50YJOFTM,Twilight Breaking Dawn: Part 2 Full Theatrical Trailer (2012) - Robert Pattinson Movie HD,1419608
86,18327,4061,0,39776,The Amazing Spider-Man,-tnxzJ0SSOw,THE AMAZING SPIDER-MAN 3D - Official Trailer - In Theaters July 3rd,13800915
87,152,56,0,1209,Brave,6CKcqIahedc,Brave Official Trailer #3 (2012) Pixar Movie HD,450326
88,7239,2527,0,42195,Ted,9fbo_pQvU7M,Ted - Trailer,21312924
89,1392,996,0,10189,Madagascar 3: Europe's Most Wanted,PlkWVkpP59U,MADAGASCAR 3: EUROPE'S MOST WANTED | Official Trailer #2,7024049
90,2873,1255,0,12213,Dr. Seuss' The Lorax,1bHdzTUNw-4,Dr. Seuss' The Lorax (2012)  EXCLUSIVE Trailer - HD Movie,6712671
91,2048,379,0,7129,Wreck-It Ralph,vf4r5q8-aWo,Wreck-It Ralph Official Trailer #1 (2012) Disney Animated Movie HD,2348434
92,4098,462,0,7008,Lincoln,KJVuqYkI2jQ,Lincoln Official Trailer #1 (2012) Steven Spielberg Movie HD,3196577
93,12772,1270,0,68066,MIB 3,IyaFEBI_L24,MEN IN BLACK 3 - Official Trailer - In Theaters 5/25/12,17414588
94,16886,1849,0,41073,Django Unchained,eUdM9vrCbow,Django Unchained - Official Trailer (HD),15349953
95,197,137,0,1593,Ice Age: Continental Drift,xz-KgMtU_BM,Ice Age Continental Drift Official Trailer #1 (2012) HD Movie,604051
96,289,86,0,1895,Snow White and the Huntsman,F9cBVm9gtKU,"Snow White & the Huntsman Official Trailer #1 - Charlize Theron, Kristin Stewart (2012) HD",607637
97,727,77,0,3019,Les Miserables (2012),OSjbdufL828,"Les Miserables Official International Trailer #1 (2012) - Anne Hathaway, Hugh Jackman Movie HD",672222
98,1722,555,0,10167,Hotel Transylvania,q4RK3jY7AVk,HOTEL TRANSYLVANIA (3D) - Official Trailer - In Theaters 9/28,3988237
99,35,40,0,713,Taken 2,u48UrWtCn5E,Taken 2 - Official Trailer,443145
100,126,619,0,9104,21 Jump Street,RLoKtb4c4W0,21 JUMP STREET - Official Red Band Trailer - In Theaters 3/16/12!,2358349
101,988,348,0,2535,Argo,JW3WfSFgrVY,Argo Official Trailer #1 (2012) Ben Affleck Thriller Movie HD,1426660
102,6876,1063,0,33767,Silver Linings Playbook,Lj5_FhLaaQQ,Silver Linings Playbook - Official Trailer (HD),14812970
103,890,102,0,3193,Prometheus,yA6OKoW30Pk,Prometheus - Official Full Trailer 2 - Ridley Scott Alien movie (2012) HD,798940
104,2244,462,0,11039,Safe House,1IfQY4fNcnw,"Safe House (2012) Trailer - HD Movie - Denzel Washington, Ryan Reynolds",7555046
105,153,282,0,10455,The Vow,PcL24s-S6ns,THE VOW - Official Trailer - In Theaters Valentine's Day 2012,3450267
106,2128,920,0,13269,Life of Pi,j9Hjrs6WQ8M,Life Of Pi - Official Trailer,6030433
107,98,109,0,1681,Magic Mike,VEhYnUr0EDE,Magic Mike Official Trailer #1 (2012) Channing Tatum Movie HD,897715
108,3340,512,0,7062,The Bourne Legacy,jSzy9qQ3mDE,The Bourne Legacy Official Trailer #1 - Jeremy Renner Movie (2012) HD,3986754
109,787,296,0,4179,Journey 2: The Mysterious Island,qdFCjwcK8IE,"Journey 2: The Mysterious Island Official Trailer #1 - Dwayne Johnson, Vanessa Hudgens (2012) HD",2395823
110,2690,620,0,16803,Rise of the Guardians,aPLiBxhoug0,Rise of the Guardians: Official Trailer,5897114
111,,141,0,1446,Zero Dark Thirty,LJFra3B9sbA,ZERO DARK THIRTY - Official US Trailer - In Theaters 12/19,1831876
112,353,92,0,2232,Flight,Aqn2L6kQQt8,"Flight TRAILER (2012) Denzel Washington, Robert Zemeckis Movie HD",885960
113,329,225,0,4112,Think Like a Man,ajKT1dxFmNc,Think Like a Man Official Trailer #1 - Chris Brown Movie (2012) HD,1293566
114,363,79,0,1721,The Campaign,4qQ6UcU_JiE,"The Campaign Official Trailer #1 (2012) Will Ferrell, Zach Galifianakis Movie HD",731605
115,1123,159,0,4367,The Expendables 2,ip_CYHdyUBs,The Expendables 2 (2012) - Official Trailer #1,4533637
116,8308,1256,0,23224,Wrath of the Titans,Xs7fzOrUopc,Wrath of the Titans Official Trailer #1 - Sam Worthington Movie (2012) HD,13954930
117,560,155,0,2828,Jack Reacher,Q-oxhxD32MM,Jack Reacher Official Trailer #2 (2012) - Tom Cruise Movie HD,1354301
118,430,168,0,5764,Dark Shadows,N6tVdffCr_M,"Dark Shadows - Official Trailer #1 - Johnny Depp, Tim Burton Movie (2012) HD",1182135
119,16,17,0,191,Parental Guidance,PRi-suyvvKg,Parental Guidance Official Trailer #1 (2012) Billy Crystal Movie HD,33841
120,9493,1385,0,52025,The Hunger Games: Catching Fire,EAzGXqJSDJ8,The Hunger Games: Catching Fire Official Theatrical Trailer (2013) HD,12387715
121,1643,259,0,7197,Iron Man 3,oYSD2VQagc4,Iron Man 3 - Official Trailer [HD],1273528
122,7458,8664,0,54155,Frozen,TbQm5doF_Uc,Disney's Frozen Official Trailer,34265448
123,2146,1733,0,17764,Despicable Me 2,koNSa_6Fd1U,Despicable Me 2 Official Trailer #3 (2013) - Steve Carell Animated Movie HD,7725720
124,66566,6510,0,155321,Man of Steel,T6DJcgm3wNY,Man of Steel - Official Trailer 3 [HD],42679892
125,13123,3679,0,32646,Gravity,OiTiKOy59o4,Gravity - Official Main Trailer [2K HD],15727325
126,1290,695,0,8924,Monsters University,QxrQ6BaijAY,Monsters University NEW Trailer (2013) - Pixar Movie HD,3374893
127,17057,1629,0,60932,The Hobbit: The Desolation of Smaug,fnaojlfdUbs,The Hobbit: The Desolation of Smaug - Official Teaser Trailer [HD],14097516
128,17040,3415,0,78967,Fast & Furious 6,dKi5XoeTN0k,Fast & Furious 6 Official Trailer #1 (2013) - Vin Diesel Movie HD,26498298
129,893,179,0,3909,Oz The Great and Powerful,YhLaBpvS7os,Oz the Great and Powerful Official Trailer (2013) Sam Raimi Wizard of Oz Movie HD,1455956
130,5535,741,0,15186,Star Trek Into Darkness,QAEkuVgt6Aw,Star Trek Into Darkness Official Trailer #3 (2013) - JJ Abrams Movie HD,6687815
131,11763,2486,0,65148,Thor: The Dark World,npvJ9FTgZbM,Thor: The Dark World Official Trailer HD,17861168
132,12926,2206,0,34413,World War Z,Md6Dvxdr0AQ,World War Z Official Trailer #1 (2013) - Brad Pitt Movie HD,12097934
133,68,21,0,338,The Croods,3SUkil-muQM,"The Croods Official Trailer #1 (2013) - Nicolas Cage, Emma Stone Movie HD",68118
134,323,257,0,3614,The Heat,1O3iRdiplB0,The Heat | Official Trailer [HD] | 20th Century FOX,1911620
135,5163,1898,0,35457,We're the Millers,0Vsy5KzsieQ,We're the Millers - Official Trailer [HD],15889320
136,2466,874,0,10129,American Hustle,ST7a1aK_lG0,"American Hustle Official TRAILER 1 (2013) - Bradley Cooper, Jennifer Lawrence Movie HD",8458046
137,1140,257,0,4225,The Great Gatsby (2013),OULhlaX6JY4,The Great Gatsby Official Trailer #1 (2012) Leonardo DiCaprio Movie HD,1539359
138,3626,1035,0,13580,The Conjuring,ejMMn0t58Lc,"The Conjuring Official Trailer #1 (2013) - Vera Farmiga, Patrick Wilson Movie HD",7009388
139,1037,500,0,10196,Identity Thief,uO12W35DpsQ,"Identity Thief Official Trailer #2 (2013) - Jason Bateman, Melissa McCarthy Movie HD",4425358
140,2188,908,0,12044,Grown Ups 2,a_c3hW0Uyvc,Grown Ups 2 Official Trailer #1 (2013) - Adam Sandler Movie HD,3463280
141,695,164,0,3851,The Wolverine,toLpchTUYk8,The Wolverine Official Trailer #1 (2013) - Hugh Jackman Movie HD,1161277
142,211,118,0,2297,Anchorman 2: The Legend Continues,DwRqg9gZ02M,Anchorman 2: The Legend Continues Official Trailer #2 (2013) - Will Ferrell Movie HD,533460
143,12531,3108,0,37106,Lone Survivor,yoLFk4JK_RM,Lone Survivor Official Trailer #1 (2013) - Mark Wahlberg Movie HD,16446259
144,8743,1551,0,31593,G.I. Joe: Retaliation,V2YMu52MfqA,"G.I. Joe 2: Retaliation Trailer Official 2012 [HD] - Dwanye Johnson, Bruce Willis",21695772
145,152,106,0,1039,Cloudy with a Chance of Meatballs 2,3QCJTbHU60U,Cloudy With a Chance of Meatballs 2 - Official Trailer #2 - In Theaters 9/27,836491
146,1402,458,0,14222,Now You See Me,4OtM9j2lcUA,Now You See Me - Official Trailer (HD),5325872
147,11435,2759,0,60779,The Wolf of Wall Street,iszwuX1AK6A,The Wolf of Wall Street Official Trailer,20544687
148,1977,379,0,3535,Lee Daniels' The Butler,FuojHqfe4Vk,"The Butler Official Trailer #1 (2013) - Oprah Winfrey, Forest Whitaker Movie HD",1725152
149,6840,1824,0,36178,The Hangover Part III,KLAkxSjs8ZY,The Hangover Part III Official Trailer #1 (2013) - Bradley Cooper Hangover 3 Movie HD,13981387
150,637,155,0,4383,Epic,BJVkoq_wK80,"Epic Official Trailer #1 (2013) Amanda Seyfried, Beyoncé Animated Movie HD",1165348
151,819,265,0,5350,Captain Phillips,GEyM01dAxp8,CAPTAIN PHILLIPS - Official International Trailer,1741301
152,3807,1128,0,31898,Jackass Presents: Bad Grandpa,tctgUr147zA,Jackass Presents: Bad Grandpa Official Trailer #1 (2013) - Jackass Movie HD,7124479
153,23219,2768,0,60791,Pacific Rim,5guMumPFBag,Pacific Rim - Official Main Trailer [HD],19561684
154,954,126,0,5463,This is the End,kliQSsD_npo,THIS IS THE END - Official Redband Trailer - In Theaters 6/12,872762
155,3340,684,0,8887,Olympus Has Fallen,ar-IaAx7s8k,Olympus Has Fallen Official Trailer #1 (2013) - Morgan Freeman Movie HD,4089656
156,241,22,0,1122,42,GlaUzQgRKPI,42 Official Trailer #1 (2012) - Harrison Ford Movie - Jackie Robinson Story HD,274765
157,6384,1132,0,22549,Elysium,oIBtePb-dGY,ELYSIUM - Official Trailer - In Theaters August 9th,9709485
158,588,485,0,1620,Planes,YRjztG65XgI,Planes Official Trailer #1 (2013) - Dane Cook Disney Animated Movie HD,810191
159,5431,917,0,17860,The Lone Ranger,JjFsNSoDZK8,The Lone Ranger Official Trailer #2 (2012) - Johnny Depp Movie HD,8435462
160,9562,4264,0,34897,American Sniper,99k3u9ay1gs,American Sniper - Official Trailer [HD],18509647
161,3750,1182,0,37720,The Hunger Games: Mockingjay - Part 1,3PkkHsuMrho,The Hunger Games: Mockingjay - Part 1 Official Trailer #1 (2014) - THG Movie HD,12171104
162,2452,878,0,25397,Guardians of the Galaxy,d96cjJhvlMA,Marvel's Guardians of the Galaxy - Trailer 1 (OFFICIAL),5769673
163,1308,175,0,11053,Captain America: The Winter Soldier,tbayiPxkUMM,Marvel's Captain America: The Winter Soldier - Trailer 1 (OFFICIAL),2060098
164,14794,6850,0,104281,The LEGO Movie,fZ_JOBCLF-I,The LEGO® Movie - Official Main Trailer [HD],32011962
165,14077,2722,0,96248,The Hobbit: The Battle of the Five Armies,iVAgTiBrrDA,The Hobbit: The Battle of the Five Armies - Official Main Trailer [HD],21778954
166,3770,1312,0,23773,Transformers: Age of Extinction,dYDGqmxMZFI,Transformers: Age of Extinction Official Trailer #1 (2014) - Michael Bay Movie HD,9868787
167,6189,2616,0,49992,Maleficent,w-XO4XiRop0,Disney's Maleficent - Official Trailer 3,18274481
168,28802,6251,0,129642,X-Men: Days of Future Past,pK2zYHWDZKo,X-MEN: DAYS OF FUTURE PAST - Official Trailer (2014),34743139
169,6911,3340,0,52545,Big Hero 6,z3biFxZIJOQ,Disney's Big Hero 6 - Official US Trailer 1,19461837
170,4140,1725,0,33331,Dawn of the Planet of the Apes,3sHMCRaS3ao,Dawn of the Planet of the Apes | Official Trailer [HD] | 20th Century FOX,11911900
171,24630,8906,0,126999,The Amazing Spider-Man 2,nbp3Ra3Yp74,The Amazing Spider-Man 2 - OFFICIAL Trailer - In Theaters May 2014,37008601
172,38590,5500,0,144062,Godzilla (2014),vIu85WQTPRc,Godzilla - Official Main Trailer [HD],37253340
173,384,198,0,9618,22 Jump Street,rbZk_3KbRlg,"22 Jump Street Official Trailer #2 (2014) - Channing Tatum, Jonah Hill Movie HD",2035929
174,2753,1043,0,11824,Teenage Mutant Ninja Turtles (2014),OdgNSJiWJTo,"Teenage Mutant Ninja Turtles Official Trailer #2 (2014) - Whoopi Goldberg, Megan Fox Movie HD",4433661
175,1243,204,0,7879,Interstellar,2LqzF5WauAw,Interstellar Movie - Official Trailer,2531671
176,953,241,0,12977,How to Train Your Dragon 2,2BP38770KNo,How To Train Your Dragon 2 Official Trailer #1 (2014) - Animation Sequel HD,1952897
177,171,116,0,3106,Gone Girl,2-_-1nJf8Vg,Gone Girl | Official Trailer [HD] | 20th Century FOX,2800443
178,13887,4023,0,100314,Divergent,sutgWjz10sM,DIVERGENT - Trailer - Official [HD] - 2014,33297053
179,2892,1558,0,45710,Neighbors,kL5c2szf3E4,"Neighbors Official Trailer #3 (2014) - Zac Efron, Seth Rogen Movie HD",16246370
180,2095,1172,0,33414,Ride Along,5klp6rkHIks,"Ride Along Official Trailer #1 (2014) - Kevin Hart, Ice Cube Movie HD",10816913
181,973,929,0,11422,Rio 2,leJuOObuCxM,Rio 2 Official Trailer #1 (2014) - Jamie Foxx Animated Sequel HD,4722249
182,1374,734,0,21403,Into the Woods,7pjy5MK1X70,"Into the Woods Official Trailer #1 (2014) - Anna Kendrick, Johnny Depp Fantasy Musical HD",6147046
183,2693,733,0,22206,Lucy,6Vu081NOorA,Lucy Official Trailer #1 (2014) - Scarlett Johansson Movie HD,5856782
184,38707,5398,0,399444,The Fault in our Stars,9ItBvH5J6ss,The Fault In Our Stars | Official Trailer [HD] | 20th Century FOX,37618622
185,4138,1100,0,31151,Unbroken,XrjJbl7kRrI,Unbroken Official Trailer #1 (2014) - Angelina Jolie Directed Movie HD,9013281
186,1184,433,0,14713,Night at the Museum: Secret of the Tomb,KMKk7Dn__-Y,Night at the Museum: Secret of the Tomb Official Trailer #1 (2014) - Ben Stiller Movie HD,4305740
187,533,346,0,3419,Mr. Peabody & Sherman,hy6oD7BZw50,Mr. Peabody & Sherman Official Trailer 1 (2013) - Animated Movie HD,1344079
188,19364,2472,0,52239,300: Rise of An Empire,2zqy21Z29ps,300: Rise of an Empire - Official Trailer 1 [HD],16739496
189,3833,1059,0,41122,The Maze Runner,AwwbhhjQ9Xk,The Maze Runner | Official Final Trailer [HD] | 20th Century FOX,9957219
190,1644,508,0,12882,The Equalizer,VjctHUEmutw,The Equalizer - Official Trailer - In Theaters 9/26,9367977
191,15581,4252,0,44354,Noah,6qmj5mhDwJQ,"Noah Official Trailer #1 (2014) - Russell Crowe, Emma Watson Movie HD",14899557
192,8151,2154,0,35600,Edge of Tomorrow,vw61gCe2oqI,Edge of Tomorrow - Official Trailer 1 [HD],13804378
193,4174,916,0,25199,Non-Stop,jiHDJ19A3dk,Non-Stop Official Trailer #1 (2014) - Liam Neeson Thriller HD,10151500
194,7922,2372,0,31632,Heaven is for Real,N-ewaCVARtM,Heaven Is For Real - Official Trailer - In Theaters Easter 2014,6250330
195,3167,778,0,25033,The Imitation Game,S5CjKEFb-sM,The Imitation Game - Official Trailer - The Weinstein Company,11848674
196,245,224,0,2774,Dumb and Dumber To,dmNddThxi4c,Dumb And Dumber To - Official Trailer (HD),2042873
197,1572,807,0,5882,Annie (2014),O-lw0Jtmzn8,"Annie Official Trailer #1 (2014) - Jamie Foxx, Quvenzhané Wallis Movie HD",1117946
198,845,290,0,6552,Fury (2014),DNHuK1rteF4,"Fury Official Trailer (2014) - Brad Pitt, Shia LaBeouf War Movie HD",2471591
199,690,548,0,5304,Tammy,eejJiKQe50k,Tammy - Official Trailer 2 [HD],2940229
200,126292,22157,0,710556,Star Wars: The Force Awakens,sGbxmsDFVnE,Star Wars: The Force Awakens Trailer (Official),101353416
201,71589,31057,0,598004,Jurassic World,vn9mMeWcgoM,Jurassic World: Fallen Kingdom - Official Trailer [HD],49509231
202,79783,13063,0,552422,Avengers: Age of Ultron,tmeOjFno6Do,"Marvel's ""Avengers: Age of Ultron"" - Teaser Trailer (OFFICIAL)",82778727
203,3106,1592,0,42963,Inside Out,WIDYqBMFzfg,Inside Out Official Trailer #1 (2015) - Disney Pixar Movie HD,12248919
204,23453,9976,0,327068,Furious 7,Skpu5HaVkOc,Furious 7 - Official Trailer (HD),69386541
205,3395,4285,0,75423,Minions,eisKxhjBnZ0,Minions Official Trailer #1 (2015) - Despicable Me Prequel HD,28746994
206,12722,4005,0,138515,The Hunger Games: Mockingjay - Part 2,n-7K_OjsDCQ,The Hunger Games: Mockingjay Part 2 Official Trailer – “We March Together”,21716592
207,5177,1502,0,45695,The Martian,ej3ioOneTy8,The Martian | Official Trailer [HD] | 20th Century FOX,15147331
208,1635,706,0,19729,Cinderella (2015),LfR8Su4ulX0,"Cinderella Official Trailer #1 (2015) - Helena Bonham Carter, Lily James Disney Movie HD",4632710
209,510,168,0,4730,Spectre,ujmoYyEyDP8,SPECTRE - Official Trailer - November 6,4285247
210,1435,825,0,22636,Mission: Impossible - Rogue Nation,pXwaKB7YOjw,"Mission: Impossible - Rogue Nation Official Trailer #1 (2015) - Tom Cruise, Simon Pegg Spy Movie HD",10506776
211,1961,1089,0,41544,Pitch Perfect 2,TY-u5P9pRwA,"Pitch Perfect 2 Official Trailer #1 (2015) - Anna Kendrick, Elizabeth Banks Movie HD",10009274
212,6951,1670,0,52170,The Revenant,LoebZZ8K5N0,The Revenant | Official Trailer [HD] | 20th Century FOX,21735651
213,3006,1235,0,27459,Ant-Man,QfOZWGLT1JM,"Ant-Man Official Trailer #1 (2015) - Paul Rudd, Evangeline Lilly Marvel Movie HD",7251926
214,3429,2269,0,28534,Home (2015),MyqZf8LiWvM,"Home Official Trailer #1 (2015) - Jennifer Lopez, Rihanna Animated Movie HD",13293009
215,4182,5897,0,96144,Hotel Transylvania 2,T3nqmGgnJe8,Hotel Transylvania 2 - Official Trailer (HD) - See it 9/25!,38542971
216,32417,35237,0,235059,Fifty Shades of Grey,SfZWFDs0LxA,Fifty Shades Of Grey - Official Trailer (Universal Pictures) HD,89198241
217,976,2082,0,30614,The SpongeBob Movie: Sponge Out of Water,TGjbpO1toTc,The SpongeBob Movie: Sponge Out of Water - Official Trailer #1 | In Theaters February 6,6432174
218,2191,549,0,23378,Straight Outta Compton,rsbWEF1Sju0,Straight Outta Compton - Official Global Trailer (Universal Pictures) HD,7134605
219,7930,2549,0,41044,San Andreas,yftHosO0eUo,San Andreas Official Trailer #1 (2015) - Dwayne Johnson Movie HD,15071133
220,12729,4951,0,91374,Mad Max: Fury Road,hEJnMQG9ev8,Mad Max: Fury Road - Official Main Trailer [HD],27601328
221,1048,740,0,20874,Daddy's Home,2sgpwTBnuLo,"Daddy's Home Official Trailer #1 (2015) - Will Ferrell, Mark Wahlberg Movie HD",6592576
222,7341,2501,0,69668,The Divergent Series: Insurgent,suZcGoRLXkU,Divergent Series: Insurgent (2015 Movie - Shailene Woodley) Trailer,14097644
223,1245,532,0,12298,The Peanuts Movie,zQpUQPrAfQM,The Peanuts Movie Official Trailer #1 (2015) - Animated Movie HD,3068337
224,1086,401,0,15291,Kingsman: The Secret Service,m4NCribDx4U,Kingsman: The Secret Service | Official Trailer [HD] | 20th Century FOX,7319471
225,6386,3195,0,42721,The Good Dinosaur,O-RgquKVTPE,The Good Dinosaur - Official US Trailer,17744454
226,1671,1006,0,24839,Spy,YrY3v1eDmQY,"Spy Official Trailer #1 (2015) - Melissa McCarthy, Rose Byrne Comedy HD",9470389
227,741,812,0,3850,Trainwreck,y_KP9x80Z9Q,Trainwreck - Official Trailer (HD),12415919
228,11653,3156,0,106380,Creed,Uv554B7YHk4,Creed - Official Trailer [HD],22875609
229,2127,1044,0,25867,Tomorrowland,lWZ7O-RrATY,"Tomorrowland Official Trailer #1 (2015) - George Clooney, Britt Robertson Movie HD",8648294
230,2255,1686,0,30662,Get Hard,lEqrpuU9fYI,"Get Hard Official Trailer #1 (2015) - Will Ferrell, Kevin Hart Movie HD",12460048
231,22807,10436,0,89676,Terminator: Genisys,62E4FJTwSuc,Terminator Genisys Movie - Official Trailer,28634740
232,2576,538,0,18912,Taken 3,HUJZjUaNzgw,Taken 3 | Official Trailer #1 HD | IN CINEMAS NOW,5369851
233,1693,2234,0,19886,Sisters,vRnhEjP3R-c,Sisters - Official Trailer (HD),12338931
234,3066,4030,0,17547,Alvin and the Chipmunks: The Road Chip,xA6cOSEZhzM,Alvin and the Chipmunks: The Road Chip Official Trailer #1 (2015) - Animated Movie HD,5181005
235,7211,1375,0,74876,Maze Runner: The Scorch Trials,-44_igsZtgU,Maze Runner: The Scorch Trials | Official Trailer [HD] | 20th Century FOX,11616304
236,7552,7381,0,135525,Ted 2,S3AVcCggRnU,Ted 2 - Official Trailer (HD),30567057
237,6886,3864,0,43025,Goosebumps,7Cn716jv61s,GOOSEBUMPS - Official Trailer (HD),15978510
238,15594,13480,0,89520,Pixels,XAHprLW48no,Pixels - Official Trailer (HD) - Summer 2015,21145463
239,712,574,0,4687,Paddington,CxeBdrGGU8U,"Paddington Official Trailer #1 (2014) - Nicole Kidman, Colin Firth Movie HD",2496003
240,60240,11861,0,296462,Rogue One: A Star Wars Story,frdj1zb9sMY,Rogue One: A Star Wars Story Trailer (Official),37078538
241,1622,777,0,22473,Finding Dory,0tkLUap7oGQ,"Finding Dory Official Trailer #2 (2016) - Ellen DeGeneres, Albert Brooks Movie HD",4820736
242,141486,14732,0,661324,Captain America: Civil War,dKrVegVI0Us,Marvel's Captain America: Civil War - Trailer 2,78338700
243,881,498,0,14590,The Secret Life of Pets,-yPuWcCykNk,"The Secret Life of Pets Official Trailer #1 (2016) - Kevin Hart, Jenny Slate Animated Comedy HD",3547369
244,4063,1749,0,30048,The Jungle Book (2016),5mkm22yO-bs,The Jungle Book Official Trailer #1 (2016) Scarlett Johansson Live-Action Disney Movie HD,13444415
245,6313,5781,0,121491,Deadpool,gtTfd6tISfw,Deadpool Official Trailer #1 (2016) - Ryan Reynolds Movie HD,33755876
246,1026,300,0,7200,Zootopia,CzvH6_e2a-U,Zootopia Official Trailer #1 (2016) Jason Bateman Disney Animated Movie HD,2258379
247,52073,15729,0,177827,Batman v Superman: Dawn of Justice,fis-9Zqu2Ro,Batman v Superman: Dawn of Justice - Official Trailer 2 [HD],28723820
248,88015,20036,0,652850,Suicide Squad,CmRih_VtVAs,Suicide Squad - Official Trailer 1 [HD],84627411
249,5933,2392,0,41632,Sing,9qPgK_u4vX8,"Sing Official Trailer #1 (2016) - Scarlett Johansson, Matthew McConaughey Movie HD",8822682
250,14551,7713,0,146109,Moana,LKFuXETZUsI,Moana Official Trailer,33746830
251,1950,459,0,21502,Fantastic Beasts and Where To Find Them,MtjfNzEVfAQ,Fantastic Beasts and Where to Find Them Official Trailer 2 (2016) - Eddie Redmayne Movie,2025010
252,30822,6986,0,227557,Doctor Strange,HSzx-zryEgM,Doctor Strange Official Trailer 2,36422106
253,1545,894,0,9183,Hidden Figures,5wfrDhgUMGI,Hidden Figures | Official Trailer [HD] | 20th Century FOX,6941907
254,6784,2257,0,50113,Jason Bourne,F4gJsKZvqE4,Jason Bourne - Official Trailer (HD),14742313
255,3854,1127,0,22810,Star Trek Beyond,dCyv5xKIqlw,"Star Trek Beyond Official Trailer #2 (2016) - Chris Pine, Zachary Quinto Movie HD",4128763
256,20882,7589,0,129627,X-Men: Apocalypse,PfBVIHgQbYk,X-Men: Apocalypse | Official Trailer [HD] | 20th Century FOX,20393118
257,1043,7317,0,35497,Trolls,xyjm5VQ11TQ,TROLLS | Official Trailer #1,25789157
258,8322,6071,0,122193,La La Land,0pdqf4P9MB8,La La Land (2016 Movie) Official Trailer – 'Dreamers',33639483
259,1773,4360,0,89811,Kung Fu Panda 3,10r9ozshGVE,Kung Fu Panda 3 | Official Trailer #1,24399366
260,283530,1082723,0,302697,Ghostbusters (2016),w3ugHP-yZXw,GHOSTBUSTERS - Official Trailer (HD),44464940
261,2943,1295,0,42701,Central Intelligence,MxEw3elSJ8M,Central Intelligence - Official Trailer [HD],11349566
262,6548,3215,0,47495,The Legend of Tarzan,dLmKio67pVQ,THE LEGEND OF TARZAN - Official Trailer 2,13319736
263,8696,2073,0,54987,Sully,mjKEXxO2KNE,Sully - Official Trailer [HD],14839432
264,2731,3177,0,17640,Bad Moms,iKCw-kqo3cs,"Bad Moms | Official Trailer | Own It Now on Digital HD, Blu-Ray & DVD",14228446
265,1064,880,0,12239,The Angry Birds Movie,4pIi4tMJoUs,"The Angry Birds Movie Official Trailer #1 (2016) - Peter Dinklage, Bill Hader Movie HD",2084598
266,17138,5978,0,93149,Independence Day: Resurgence,LbduDRH2m2M,Independence Day: Resurgence | Official Trailer [HD] | 20th Century FOX,26101955
267,8796,4206,0,83031,The Conjuring 2,KyA9AtUOqRM,The Conjuring 2 - Official Teaser Trailer [HD],25632772
268,3633,1008,0,20230,Arrival,AMgyWT075KY,Arrival Official Trailer 1 (2016) - Amy Adams Movie,5883962
269,2563,895,0,24776,Passengers (2016),yVXQq2u6OP0,Passengers Official Trailer 1 (2016) - Jennifer Lawrence Movie,4056485
270,7076,5454,0,46249,Sausage Party,WVAcTZKTgmc,"Sausage Party Official Trailer #1 (2016) - Seth Rogen, James Franco Animated Movie HD",10334059
271,3980,1412,0,21735,The Magnificent Seven (2016),q-RBA0xoaWU,THE MAGNIFICENT SEVEN - Official Trailer (HD),11444020
272,2742,1925,0,46977,Ride Along 2,iWfmmwdCHTg,Ride Along 2 - Official Trailer (HD),14449355
273,9978,2576,0,64175,Don't Breathe,76yBTNDB6vU,DON'T BREATHE - Official Trailer (HD),23317492
274,6104,995,0,58000,Miss Peregrine's Home for Peculiar Children,mAdpJw-MM-M,Miss Peregrine's Home for Peculiar Children Official Trailer #1 (2016) - Eva Green Movie HD,8414267
275,4155,1044,0,31615,The Accountant,DBfsgcswlYQ,The Accountant Official Trailer #1 (2016) - Ben Affleck Movie HD,9931779
276,3920,1952,0,28012,Teenage Mutant Ninja Turtles: Out of the Shadows,3CKgLNGfdSM,Teenage Mutant Ninja Turtles: Out of the Shadows Official Trailer #1 (2016) - Megan Fox Movie HD,5419463
277,8900,2170,0,33431,The Purge: Election Year,RXMp9fBomJw,The Purge: Election Year - Official Trailer (HD),8544417
278,5184,1985,0,52833,Alice Through the Looking Glass,x3IWwnNe5mc,"Alice Through the Looking Glass Official Trailer #2 (2016) - Mia Wasikowska, Johnny Depp Movie HD",9725808
279,4840,2373,0,26406,Pete's Dragon (2016),fPOamb6d_20,Pete's Dragon - Official US Trailer,9810367
280,103744,33053,0,757990,Star Wars: The Last Jedi,Q0CbN8sfihY,Star Wars: The Last Jedi Trailer (Official),50102347
281,27164,11170,0,319637,Beauty and the Beast (2017),OvW_L8sTu5E,Beauty and the Beast US Official Trailer,36587896
282,26782,8702,0,223500,Wonder Woman,1Q8fG0TtVAY,WONDER WOMAN - Official Trailer [HD],25957070
283,23509,52083,0,161624,Jumanji: Welcome to the Jungle,2QKg5SZ_35I,JUMANJI: WELCOME TO THE JUNGLE - Official Trailer (HD),28630079
284,4358,869,0,67345,Guardians of the Galaxy Vol. 2,pr7tDrwQ3t8,Guardians of the Galaxy Vol. 2 Official Trailer 1 (2017) - Chris Pratt Movie,8397074
285,25932,20272,0,335587,Spider-Man: Homecoming,DiTECkLZ8HM,SPIDER-MAN: HOMECOMING - Official Trailer #2 (HD),27645408
286,24894,12310,0,191823,It,xKJmEC5ieOk,IT - Official Trailer 1,31674416
287,62242,28826,0,665257,Thor: Ragnarok,ue80QwXMRHg,"""Thor: Ragnarok"" Official Trailer",63608900
288,12869,9992,0,117019,Despicable Me 3,6DBi41reeF0,Despicable Me 3 - Official Trailer - In Theaters Summer 2017 (HD),35272208
289,61951,21637,0,349702,Justice League,r9-DM9uBtVI,JUSTICE LEAGUE - Official Heroes Trailer,32540267
290,31312,4148,0,237900,Logan,Div0iP65aZo,Logan | Official Trailer [HD] | 20th Century FOX,27832755
291,21892,12133,0,149572,The Fate of the Furious,JwMKRevYa_M,The Fate of the Furious - Official Trailer - #F8 In Theaters April 14 (HD),18213776
292,1063,562,0,9938,Coco,jjudmcSxzpc,COCO Official Trailer (2017) Disney Pixar Animation Movie HD,1992205
293,7456,2820,0,82936,Dunkirk,T7O7BtBnsG4,DUNKIRK - OFFICIAL MAIN TRAILER [HD],9191799
294,10220,5904,0,50574,Get Out,DzfpyUB60YY,Get Out Official Trailer 1 (2017) - Daniel Kaluuya Movie,12197721
295,925,279,0,12923,The LEGO Batman Movie,LqrQKZlCcjo,The Lego Batman Movie Official Trailer 4 (2017) - Will Arnett Movie,1229425
296,4457,4836,0,59270,The Boss Baby,k397HRbTtWI,The Boss Baby Official Trailer 1 (2017) - Alec Baldwin Movie,18455472
297,4937,2126,0,75015,The Greatest Showman,AXCTMGYUg9A,The Greatest Showman | Official Trailer [HD] | 20th Century FOX,17543920
298,1581,509,0,20162,Pirates of the Caribbean: Dead Men Tell No Tales,Hgeu5rhoxxY,Pirates of the Caribbean: Dead Men Tell No Tales - Official Trailer,5359650
299,8446,2921,0,58931,Kong: Skull Island,44LdLqgOpjo,Kong: Skull Island - Rise of the King [Official Final Trailer],13604049
300,13407,7228,0,134352,Cars 3,2LeOH9AGJQM,Cars 3 - Official US Trailer,19317048
301,3248,912,0,30624,War for the Planet of the Apes,JDcAlo8i2y8,War for the Planet of the Apes | Official Trailer [HD] | 20th Century FOX,5608251
302,15132,6270,0,95251,Split,84TouqfIsiI,Split Official Trailer 1 (2017) - M. Night Shyamalan Movie,23172172
303,7534,1421,0,56149,Wonder,ngiK1gQKgK8,"Wonder (2017 Movie) Official Trailer – #ChooseKind – Julia Roberts, Owen Wilson",8501116
304,33368,9896,0,119833,Transformers: The Last Knight,AntcyqJ6brc,Transformers: The Last Knight Official Trailer 1 (2017) - Michael Bay Movie,18062394
305,1008,1509,0,10260,Girls Trip,7jE61BzKmgQ,Girls Trip - Official Trailer #2 [HD],4915161
306,5339,6452,0,79367,Fifty Shades Darker,TUnylyz5mqQ,Fifty Shades Darker - Official Trailer 2 (HD),21501005
307,386,256,0,6799,Baby Driver,zTvJJnoWIPk,BABY DRIVER - Official Trailer (HD),2184008
308,6008,3218,0,116547,Pitch Perfect 3,aVsOXRgjeeU,Pitch Perfect 3 - Official Trailer 2 [HD],12838172
309,4501,3172,0,56657,Daddy's Home 2,yyW_EX7iRW0,"Daddy's Home 2 Official Trailer #2 (2017) Mark Wahlberg, Will Ferrell Comedy Movie HD",11058639
310,9446,4857,0,66318,Murder on the Orient Express (2017),Mq4m3yAoW8E,Murder on the Orient Express | Official Trailer [HD] | 20th Century FOX,11625839
311,6822,3565,0,54132,Annabelle: Creation,KisPhy7T__Q,ANNABELLE: CREATION - Official Trailer,14322542
312,10739,5115,0,191398,Kingsman: The Golden Circle,6Nxc-3WpMbg,Kingsman: The Golden Circle | Official Trailer [HD] | 20th Century FOX,22197406
313,18189,8875,0,145720,Blade Runner 2049,gCcx85zbxz4,BLADE RUNNER 2049 - Official Trailer,25419052
314,6642,1402,0,65610,John Wick: Chapter Two,XGk2EfbD_Ps,John Wick: Chapter 2 Official Trailer #1 (2017) Keanu Reeves Action Movie HD,14808483
315,36382,125963,0,35298,The Emoji Movie,r8pJt4dK_s4,THE EMOJI MOVIE - Official Trailer (HD),15933307
316,31349,16305,0,174999,Power Rangers (2017),5kIe6UZHSXw,Power Rangers (2017 Movie) Official Trailer – It’s Morphin Time!,41438239
317,888,1029,0,9251,Ferdinand,HBXVM7oUPVk,Ferdinand | Official Trailer [HD] | 20th Century FOX,6147550
318,3086,2234,0,18076,The Post,nrXlY6gzTTM,The Post | Official Trailer [HD] | 20th Century FOX,16352806
319,24255,29238,0,214577,The Mummy (2017),IjHgzkQM2Sg,The Mummy - Official Trailer (HD),40596640
320,58526,14621,0,400487,Black Panther,xjDjIWPwcPU,Marvel Studios' Black Panther - Official Trailer,35771080
321,45475,12723,0,232321,Ready Player One,cSp1dM2Vj48,READY PLAYER ONE - Official Trailer 1 [HD],21156380
322,1157,1610,0,7776,Peter Rabbit,3ittn4f0Em4,PETER RABBIT - Official Trailer #2,3083446
323,930,173,0,7122,A Quiet Place,JOBVg_6WYp4,"A Quiet Place Official Trailer #1 (2018) Emily Blunt, John Krasinski Horror Movie HD",1120250
324,24013,35635,0,287463,Fifty Shades Freed,nJCc5HRPxYA,Fifty Shades Freed - Official Trailer [HD],36814792
325,10362,9209,0,48576,A Wrinkle in Time,UhZ56rcWwRQ,A Wrinkle in Time Official US Trailer,6801999
326,1264,510,0,16351,I Can Only Imagine,OsMyv9Q4_OU,I Can Only Imagine Trailer #1 (2018) | Movieclips Indie,2486053
327,1820,1816,0,35810,Game Night,fNtLIcyjsnI,"Game Night Official Trailer #1 (2018) Rachel McAdams, Jason Bateman Comedy Movie HD",5885760
328,6352,4373,0,110314,Insidious: The Last Key,acQyrwQyCOk,Insidious: The Last Key - Official Trailer (HD),17516947
329,10366,1757,0,93546,Maze Runner: The Death Cure,4-BTxXm8KSg,Maze Runner: The Death Cure | Official Final Trailer [HD] | 20th Century FOX,16348137
330,13026,7475,0,54926,Pacific Rim Uprising,fUjicxMPDzs,Pacific Rim Uprising - Official Trailer (HD),7467462
331,24896,22737,0,100143,Tomb Raider,8ndhidEmUbI,TOMB RAIDER - Official Trailer #1,16448217
332,5706,4082,0,45356,Red Sparrow,PmUL6wMpMWw,Red Sparrow | Official Trailer [HD] | 20th Century FOX,25084854
333,6391,5002,0,49433,12 Strong,-Denciie5oA,12 STRONG - Official Trailer,9317532
334,1311,617,0,15845,Den of Thieves,FKd_ks0rdAM,"Den of Thieves Official Trailer #1 (2018) 50 Cent, Gerard Butler Action Movie HD",3564420
335,323,159,0,3590,Paddington 2,5B6A0UrYJsk,Paddington 2 Official Trailer #2 (2018) Hugh Grant Animated Movie HD,670240
336,9343,6293,0,111392,"Love, Simon",E0cbWdlQg_8,"Love, Simon | Official Trailer 2 [HD] | 20th Century FOX",24930058
337,1317,1901,0,12009,Blockers,RfFcaV5O7SU,Blockers - Official Trailer (HD),2205264
338,31259,16951,0,229263,Rampage (2018),coOKvrsmQiI,RAMPAGE - OFFICIAL TRAILER 1 [HD],32266259
339,1793,625,0,20870,Tyler Perry's Acrimony,wlpunOUxYSo,Tyler Perry’s Acrimony (2018 Movie) Official Trailer – Taraji P. Henson,2296013
340,1734,1538,0,11425,Sherlock Gnomes,UtbiOl506ms,"Sherlock Gnomes Official Trailer #1 (2018) Johnny Depp, Emily Blunt Animated Movie HD",1227326
341,75,14,0,652,The Commuter,BeR9XKdAgIc,"The Commuter Official Trailer #2 (2018) Liam Neeson, Vera Farmiga Thriller Movie HD",96611
342,2309,1157,0,16316,The 15:17 to Paris,IC_lnyn2R2Q,THE 15:17 TO PARIS - Official Trailer [HD],3694882
343,1992,698,0,9472,Death Wish (2018),DwpcBDPscdk,DEATH WISH Trailer (2018),1740274
344,10127,5033,0,54358,Annihilation,89OP78l9oF0,Annihilation (2018) - Official Trailer - Paramount Pictures,12686724
345,954,681,0,8538,Winchester,0Juc2cL26mg,"WINCHESTER - Official Trailer - HD (Helen Mirren, Jason Clarke)",14674371
346,1671,575,0,14393,Strangers: Prey at Night,91-Z20uttEk,The Strangers: Prey at Night Trailer #1 (2018) | Movieclips Indie,2301433
347,900,1021,0,6823,Proud Mary,kQ1Zcv54USA,PROUD MARY - Official Trailer (HD),2827315
348,2976,1882,0,18912,Truth or Dare,BjRNY3u3bUw,Blumhouse's Truth or Dare - Official Trailer [HD],6746568
349,8972,6022,0,119247,Isle Of Dogs,dt__kig8PVU,ISLE OF DOGS | Official Trailer | FOX Searchlight,14722277
350,2560,503,0,20675,"Paul, Apostle of Christ",LyOqQZUDdO4,"Paul, Apostle of Christ: Official Trailer | Now Playing",1875531
351,221,164,0,10202,Forever My Girl,XEwZgbr8T60,Forever My Girl Official Trailer #2 (2018) -- Regal Cinemas [HD],1204505
352,4,0,0,9,Padmaavat,ZwSNDRy9GzQ,Pardesi girl reaction on Zero movie trailer -Shah Rukh Khan  - Katrina Kaif - 21 Dec18,328
353,1139,326,0,2647,Chappaquiddick,qG-c8DtOm9g,"CHAPPAQUIDDICK Official Trailer (2018) Kate Mara, Kennedy Biography Movie HD",1214937
354,2935,1570,0,32161,Midnight Sun,fEskVQgtwaI,Midnight Sun | Official Trailer [HD]  | Global Road Entertainment,5506837
355,614,432,0,6518,Early Man,ZRiPQ8YNrVs,Early Man Official Trailer!,1521683
356,2361,1048,0,13230,Unsane,u7KZrt_cHH0,UNSANE | Official Trailer,16640450
357,184,53,0,2769,The Miracle Season,4QrYTBgYZw8,THE MIRACLE SEASON Official Trailer (2018) Helen Hunt Volleyball Drama Movie HD,224028
358,7089,2802,0,23850,The Death of Stalin,kPpXFnHoC-0,"The Death of Stalin Official Trailer #1 (2017) Jason Isaacs, Steve Buscemi Biography Movie HD",2216756
359,576,523,0,3752,The Hurricane Heist,56whWF2NJrM,"THE HURRICANE HEIST Official Trailer (2018) Maggie Grace, Action Movie HD",1716113
